[
    {
        "product_article": "GA-700SKE-7AER",
        "product_url": "https://shop.casio.ru/catalog/g-shock-youth/ga-700ske-7aer/",
        "product_price": "12 390"
    },
    {
        "product_article": "GA-2100SKE-7AER",
        "product_url": "https://shop.casio.ru/catalog/g-shock-youth/ga-2100ske-7aer/",
        "product_price": "11 790"
    },
    {
        "product_article": "DW-5600SKE-7ER",
        "product_url": "https://shop.casio.ru/catalog/g-shock/dw-5600ske-7er/",
        "product_price": "11 790"
    },
    {
        "product_article": "GA-110SKE-8AER",
        "product_url": "https://shop.casio.ru/catalog/g-shock-youth/ga-110ske-8aer/",
        "product_price": "12 390"
    },
    {
        "product_article": "GA-900SKE-8AER",
        "product_url": "https://shop.casio.ru/catalog/g-shock-youth/ga-900ske-8aer/",
        "product_price": "12 390"
    },
    {
        "product_article": "GA-2000SKE-8AER",
        "product_url": "https://shop.casio.ru/catalog/g-shock-youth/ga-2000ske-8aer/",
        "product_price": "12 390"
    },
    {
        "product_article": "GA-2100-1A1ER",
        "product_url": "https://shop.casio.ru/catalog/g-shock-youth/ga_2100_1a1er/",
        "product_price": "9 890"
    },
    {
        "product_article": "GA-2100-1AER",
        "product_url": "https://shop.casio.ru/catalog/g-shock-youth/ga_2100_1aer/",
        "product_price": "9 890"
    },
    {
        "product_article": "GA-2100-4AER",
        "product_url": "https://shop.casio.ru/catalog/g-shock-youth/ga_2100_4aer/",
        "product_price": "9 890"
    },
    {
        "product_article": "DW-5600BBN-1ER",
        "product_url": "https://shop.casio.ru/catalog/g-shock/dw_5600bbn_1er/",
        "product_price": "10 590"
    },
    {
        "product_article": "GMW-B5000D-1ER",
        "product_url": "https://shop.casio.ru/catalog/g-shock-premium/gmw_b5000d_1er/",
        "product_price": "49 990"
    },
    {
        "product_article": "DW-5600BBMB-1ER",
        "product_url": "https://shop.casio.ru/catalog/g-shock/dw_5600bbmb_1er/",
        "product_price": "7 990"
    },
    {
        "product_article": "GST-B300E-5AER",
        "product_url": "https://shop.casio.ru/catalog/g-shock-g-steel/gst-b300e-5a/",
        "product_price": "46 590"
    },
    {
        "product_article": "DW-5600E-1VER",
        "product_url": "https://shop.casio.ru/catalog/g-shock/dw_5600e_1ver/",
        "product_price": "7 740"
    },
    {
        "product_article": "DW-5600LS-2ER",
        "product_url": "https://shop.casio.ru/catalog/g-shock-youth/dw-5600ls-2/",
        "product_price": "11 790"
    },
    {
        "product_article": "DW-5600LS-7ER",
        "product_url": "https://shop.casio.ru/catalog/g-shock-youth/dw-5600ls-7/",
        "product_price": "11 790"
    },
    {
        "product_article": "DW-5610DN-9ER",
        "product_url": "https://shop.casio.ru/catalog/g-shock/dw-5610dn-9/",
        "product_price": "11 790"
    },
    {
        "product_article": "DW-5600MW-7ER",
        "product_url": "https://shop.casio.ru/catalog/g-shock/dw_5600mw_7er/",
        "product_price": "10 590"
    },
    {
        "product_article": "AW-590-1AER",
        "product_url": "https://shop.casio.ru/catalog/g-shock/aw_590_1a/",
        "product_price": "9 590"
    },
    {
        "product_article": "AW-591-2AER",
        "product_url": "https://shop.casio.ru/catalog/g-shock/aw_591_2a/",
        "product_price": "9 590"
    },
    {
        "product_article": "AW-591-4AER",
        "product_url": "https://shop.casio.ru/catalog/g-shock/aw_591_4a/",
        "product_price": "9 590"
    },
    {
        "product_article": "AWG-M100A-1AER",
        "product_url": "https://shop.casio.ru/catalog/g-shock/awg_m100a_1aer/",
        "product_price": "15 290"
    },
    {
        "product_article": "AWG-M100B-1AER",
        "product_url": "https://shop.casio.ru/catalog/g-shock/awg_m100b_1aer/",
        "product_price": "15 290"
    },
    {
        "product_article": "AWG-M100SAR-1AER",
        "product_url": "https://shop.casio.ru/catalog/g-shock/awg_m100sar_1aer/",
        "product_price": "13 990"
    },
    {
        "product_article": "AWG-M100SB-2AER",
        "product_url": "https://shop.casio.ru/catalog/g-shock/awg_m100sb_2aer/",
        "product_price": "15 290"
    },
    {
        "product_article": "AWG-M100SBL-1AER",
        "product_url": "https://shop.casio.ru/catalog/g-shock/awg_m100sbl_1aer/",
        "product_price": "15 290"
    },
    {
        "product_article": "AWG-M100SF-1H4ER",
        "product_url": "https://shop.casio.ru/catalog/g-shock/awg_m100sf_1h4er/",
        "product_price": "13 990"
    },
    {
        "product_article": "AWG-M100SRB-4AER",
        "product_url": "https://shop.casio.ru/catalog/g-shock/awg_m100srb_4aer/",
        "product_price": "13 990"
    },
    {
        "product_article": "DW-5600BB-1ER",
        "product_url": "https://shop.casio.ru/catalog/g-shock/dw_5600bb_1er/",
        "product_price": "9 890"
    },
    {
        "product_article": "DW-5600SB-2ER",
        "product_url": "https://shop.casio.ru/catalog/g-shock/dw_5600sb_2er/",
        "product_price": "10 540"
    },
    {
        "product_article": "DW-5600WM-5ER",
        "product_url": "https://shop.casio.ru/catalog/g-shock/dw_5600wm_5er/",
        "product_price": "11 790"
    },
    {
        "product_article": "DW-5610SU-8ER",
        "product_url": "https://shop.casio.ru/catalog/g-shock/dw_5610su_8er/",
        "product_price": "12 390"
    },
    {
        "product_article": "DW-5610SUS-5ER",
        "product_url": "https://shop.casio.ru/catalog/g-shock/dw_5610sus_5er/",
        "product_price": "15 290"
    },
    {
        "product_article": "DW-5900RS-1ER",
        "product_url": "https://shop.casio.ru/catalog/g-shock/dw_5900rs_1er/",
        "product_price": "8 990"
    },
    {
        "product_article": "DW-6900LS-1ER",
        "product_url": "https://shop.casio.ru/catalog/g-shock-youth/dw-6900ls-1/",
        "product_price": "11 790"
    },
    {
        "product_article": "DW-6900LS-2ER",
        "product_url": "https://shop.casio.ru/catalog/g-shock-youth/dw-6900ls-2/",
        "product_price": "11 790"
    },
    {
        "product_article": "DW-6900PF-1ER",
        "product_url": "https://shop.casio.ru/catalog/g-shock-youth/dw-6900pf-1er/",
        "product_price": "11 590"
    },
    {
        "product_article": "DW-6900SP-1ER",
        "product_url": "https://shop.casio.ru/catalog/g-shock/dw_6900sp_1er/",
        "product_price": "12 990"
    },
    {
        "product_article": "DWE-5600CC-3ER",
        "product_url": "https://shop.casio.ru/catalog/g-shock/dwe_5600cc_3er/",
        "product_price": "27 790"
    },
    {
        "product_article": "DWE-5600KS-7ER",
        "product_url": "https://shop.casio.ru/catalog/g-shock/dwe_5600ks_7er/",
        "product_price": "24 590"
    },
    {
        "product_article": "G-2900F-1VER",
        "product_url": "https://shop.casio.ru/catalog/g-shock/g_2900f_1ver/",
        "product_price": "6 890"
    },
    {
        "product_article": "G-2900F-8VER",
        "product_url": "https://shop.casio.ru/catalog/g-shock/g_2900f_8ver/",
        "product_price": "6 890"
    },
    {
        "product_article": "G-8900GB-1ER",
        "product_url": "https://shop.casio.ru/catalog/g-shock/g_8900gb_1er/",
        "product_price": "10 590"
    },
    {
        "product_article": "G-9000-1VER",
        "product_url": "https://shop.casio.ru/catalog/g-shock-professional/g_9000_1ver/",
        "product_price": "9 940"
    },
    {
        "product_article": "G-9300-1ER",
        "product_url": "https://shop.casio.ru/catalog/g-shock-professional/g_9300_1er/",
        "product_price": "17 990"
    },
    {
        "product_article": "GA-100-1A1ER",
        "product_url": "https://shop.casio.ru/catalog/g-shock-youth/ga_100_1a1er/",
        "product_price": "10 590"
    },
    {
        "product_article": "GA-100-1A2ER",
        "product_url": "https://shop.casio.ru/catalog/g-shock-youth/ga_100_1a2er/",
        "product_price": "10 590"
    },
    {
        "product_article": "GA-100-1A4ER",
        "product_url": "https://shop.casio.ru/catalog/g-shock-youth/ga_100_1a4er/",
        "product_price": "10 590"
    },
    {
        "product_article": "GA-100B-4AER",
        "product_url": "https://shop.casio.ru/catalog/g-shock-youth/ga_100b_4aer/",
        "product_price": "10 590"
    },
    {
        "product_article": "GA-100B-7AER",
        "product_url": "https://shop.casio.ru/catalog/g-shock-youth/ga_100b_7aer/",
        "product_price": "10 590"
    },
    {
        "product_article": "GA-100CF-1A9ER",
        "product_url": "https://shop.casio.ru/catalog/g-shock-youth/ga_100cf_1a9er/",
        "product_price": "12 840"
    },
    {
        "product_article": "GA-100CM-5AER",
        "product_url": "https://shop.casio.ru/catalog/g-shock-youth/ga_100cm_5aer/",
        "product_price": "15 690"
    },
    {
        "product_article": "GA-100GBX-1A4",
        "product_url": "https://shop.casio.ru/catalog/g-shock-youth/ga_100gbx_1a4/",
        "product_price": "11 790"
    },
    {
        "product_article": "GA-100GBX-1A9",
        "product_url": "https://shop.casio.ru/catalog/g-shock-youth/ga_100gbx_1a9/",
        "product_price": "11 790"
    },
    {
        "product_article": "GA-110-1AER",
        "product_url": "https://shop.casio.ru/catalog/g-shock-youth/ga_110_1aer/",
        "product_price": "12 390"
    },
    {
        "product_article": "GA-110-1BER",
        "product_url": "https://shop.casio.ru/catalog/g-shock-youth/ga_110_1ber/",
        "product_price": "12 390"
    },
    {
        "product_article": "GA-110BT-1AER",
        "product_url": "https://shop.casio.ru/catalog/g-shock-youth/ga_110bt_1aer/",
        "product_price": "9 990"
    },
    {
        "product_article": "GA-110GB-1AER",
        "product_url": "https://shop.casio.ru/catalog/g-shock-youth/ga_110gb_1aer/",
        "product_price": "13 840"
    },
    {
        "product_article": "GA-110LS-1AER",
        "product_url": "https://shop.casio.ru/catalog/g-shock-youth/ga_110ls_1aer/",
        "product_price": "13 490"
    },
    {
        "product_article": "GA-110LS-7AER",
        "product_url": "https://shop.casio.ru/catalog/g-shock-youth/ga_110ls_7aer/",
        "product_price": "13 490"
    },
    {
        "product_article": "GA-110RG-1AER",
        "product_url": "https://shop.casio.ru/catalog/g-shock-youth/ga_110rg_1aer/",
        "product_price": "13 840"
    },
    {
        "product_article": "GA-140-1A1ER",
        "product_url": "https://shop.casio.ru/catalog/g-shock-youth/ga_140_1a1er/",
        "product_price": "10 590"
    },
    {
        "product_article": "GA-140-1A4ER",
        "product_url": "https://shop.casio.ru/catalog/g-shock-youth/ga_140_1a4er/",
        "product_price": "10 590"
    },
    {
        "product_article": "GA-140-6AER",
        "product_url": "https://shop.casio.ru/catalog/g-shock-youth/ga_140_6aer/",
        "product_price": "10 590"
    },
    {
        "product_article": "GA-140CT-1AER",
        "product_url": "https://shop.casio.ru/catalog/g-shock-youth/ga-140ct-1aer/",
        "product_price": "11 790"
    },
    {
        "product_article": "GA-140GB-1A1ER",
        "product_url": "https://shop.casio.ru/catalog/g-shock-youth/ga_140gb_1a1er/",
        "product_price": "15 290"
    },
    {
        "product_article": "GA-140GB-1A2ER",
        "product_url": "https://shop.casio.ru/catalog/g-shock-youth/ga_140gb_1a2er/",
        "product_price": "15 290"
    },
    {
        "product_article": "GA-140GM-1A1ER",
        "product_url": "https://shop.casio.ru/catalog/g-shock-youth/ga_140gm_1a1er/",
        "product_price": "12 840"
    },
    {
        "product_article": "GA-2000-1A9ER",
        "product_url": "https://shop.casio.ru/catalog/g-shock-youth/ga_2000_1a9er/",
        "product_price": "12 840"
    },
    {
        "product_article": "GA-2000-2AER",
        "product_url": "https://shop.casio.ru/catalog/g-shock-youth/ga_2000_2aer/",
        "product_price": "12 840"
    },
    {
        "product_article": "GA-2000S-1AER",
        "product_url": "https://shop.casio.ru/catalog/g-shock-youth/ga_2000s_1aer/",
        "product_price": "12 390"
    },
    {
        "product_article": "GA-2000SU-1AER",
        "product_url": "https://shop.casio.ru/catalog/g-shock-youth/ga_2000su_1aer/",
        "product_price": "13 990"
    },
    {
        "product_article": "GA-2100SU-1AER",
        "product_url": "https://shop.casio.ru/catalog/g-shock-youth/ga_2100su_1aer/",
        "product_price": "11 790"
    },
    {
        "product_article": "GA-2110ET-2AER",
        "product_url": "https://shop.casio.ru/catalog/g-shock-youth/ga_2110et_2aer/",
        "product_price": "11 790"
    },
    {
        "product_article": "GA-2110SU-3AER",
        "product_url": "https://shop.casio.ru/catalog/g-shock-youth/ga_2110su_3aer/",
        "product_price": "11 790"
    },
    {
        "product_article": "GA-700-1BER",
        "product_url": "https://shop.casio.ru/catalog/g-shock-youth/ga_700_1ber/",
        "product_price": "12 390"
    },
    {
        "product_article": "GA-700BMC-1AER",
        "product_url": "https://shop.casio.ru/catalog/g-shock-youth/ga_700bmc_1aer/",
        "product_price": "12 390"
    },
    {
        "product_article": "GA-700CT-1AER",
        "product_url": "https://shop.casio.ru/catalog/g-shock-youth/ga-700ct-1aer/",
        "product_price": "11 790"
    },
    {
        "product_article": "GA-710GB-1AER",
        "product_url": "https://shop.casio.ru/catalog/g-shock-youth/ga_710gb_1aer/",
        "product_price": "14 940"
    },
    {
        "product_article": "GA-800SC-2AER",
        "product_url": "https://shop.casio.ru/catalog/g-shock-youth/ga_800sc_2aer/",
        "product_price": "10 540"
    },
    {
        "product_article": "GA-900-1AER",
        "product_url": "https://shop.casio.ru/catalog/g-shock-youth/ga_900_1aer/",
        "product_price": "12 390"
    },
    {
        "product_article": "GA-900-2AER",
        "product_url": "https://shop.casio.ru/catalog/g-shock-youth/ga_900_2aer/",
        "product_price": "12 390"
    },
    {
        "product_article": "GA-900-4AER",
        "product_url": "https://shop.casio.ru/catalog/g-shock-youth/ga_900_4aer/",
        "product_price": "12 390"
    },
    {
        "product_article": "GA-900A-1A9ER",
        "product_url": "https://shop.casio.ru/catalog/g-shock-youth/ga_900a_1a9er/",
        "product_price": "12 390"
    },
    {
        "product_article": "GA-900C-1A4ER",
        "product_url": "https://shop.casio.ru/catalog/g-shock-youth/ga_900c_1a4er/",
        "product_price": "13 490"
    },
    {
        "product_article": "GA-900E-1A3ER",
        "product_url": "https://shop.casio.ru/catalog/g-shock-youth/ga_900e_1a3er/",
        "product_price": "16 490"
    },
    {
        "product_article": "GAW-100-1AER",
        "product_url": "https://shop.casio.ru/catalog/g-shock-youth/gaw_100_1aer/",
        "product_price": "14 490"
    },
    {
        "product_article": "GAW-100B-1A2ER",
        "product_url": "https://shop.casio.ru/catalog/g-shock-youth/gaw_100b_1a2er/",
        "product_price": "14 490"
    },
    {
        "product_article": "GAW-100B-1AER",
        "product_url": "https://shop.casio.ru/catalog/g-shock-youth/gaw_100b_1aer/",
        "product_price": "14 490"
    },
    {
        "product_article": "GBA-800-1AER",
        "product_url": "https://shop.casio.ru/catalog/g-shock-connected/gba_800_1aer/",
        "product_price": "13 490"
    },
    {
        "product_article": "GBA-800-9AER",
        "product_url": "https://shop.casio.ru/catalog/g-shock-connected/gba_800_9aer/",
        "product_price": "13 490"
    },
    {
        "product_article": "GBD-800-1BER",
        "product_url": "https://shop.casio.ru/catalog/g-shock-connected/gbd_800_1ber/",
        "product_price": "10 590"
    },
    {
        "product_article": "GBD-800-8ER",
        "product_url": "https://shop.casio.ru/catalog/g-shock-connected/gbd_800_8er/",
        "product_price": "10 590"
    },
    {
        "product_article": "GBD-800UC-3ER",
        "product_url": "https://shop.casio.ru/catalog/g-shock-connected/gbd_800uc_3er/",
        "product_price": "10 590"
    },
    {
        "product_article": "GBD-800UC-5ER",
        "product_url": "https://shop.casio.ru/catalog/g-shock-connected/gbd_800uc_5er/",
        "product_price": "10 590"
    },
    {
        "product_article": "GBD-800UC-8ER",
        "product_url": "https://shop.casio.ru/catalog/g-shock-connected/gbd_800uc_8er/",
        "product_price": "10 590"
    },
    {
        "product_article": "GG-B100-1A3ER",
        "product_url": "https://shop.casio.ru/catalog/g-shock-connected/gg_b100_1a3er/",
        "product_price": "37 390"
    },
    {
        "product_article": "GG-B100-1AER",
        "product_url": "https://shop.casio.ru/catalog/g-shock-connected/gg_b100_1aer/",
        "product_price": "37 390"
    },
    {
        "product_article": "GG-B100-1BER",
        "product_url": "https://shop.casio.ru/catalog/g-shock-connected/gg_b100_1ber/",
        "product_price": "37 390"
    },
    {
        "product_article": "GG-B100BTN-1AER",
        "product_url": "https://shop.casio.ru/catalog/g-shock-connected/gg_b100btn_1aer/",
        "product_price": "43 340"
    },
    {
        "product_article": "GM-110-1AER",
        "product_url": "https://shop.casio.ru/catalog/g-shock-youth/gm_110_1aer/",
        "product_price": "20 690"
    },
    {
        "product_article": "GM-110G-1A9ER",
        "product_url": "https://shop.casio.ru/catalog/g-shock-youth/gm_110g_1a9er/",
        "product_price": "23 540"
    },
    {
        "product_article": "GM-110NE-1AER",
        "product_url": "https://shop.casio.ru/catalog/g-shock-youth/gm_110ne_1aer/",
        "product_price": "35 940"
    },
    {
        "product_article": "GM-110SCM-1AER",
        "product_url": "https://shop.casio.ru/catalog/g-shock-youth/gm_110scm_1aer/",
        "product_price": "23 540"
    },
    {
        "product_article": "GM-110SG-9AER",
        "product_url": "https://shop.casio.ru/catalog/g-shock-youth/gm-110sg-9aer/",
        "product_price": "25 890"
    },
    {
        "product_article": "GM-5600-1ER",
        "product_url": "https://shop.casio.ru/catalog/g-shock/gm_5600_1er/",
        "product_price": "18 840"
    },
    {
        "product_article": "GM-5600B-3ER",
        "product_url": "https://shop.casio.ru/catalog/g-shock/gm_5600b_3er/",
        "product_price": "19 990"
    },
    {
        "product_article": "GM-5600SCM-1ER",
        "product_url": "https://shop.casio.ru/catalog/g-shock/gm_5600scm_1er/",
        "product_price": "21 790"
    },
    {
        "product_article": "GM-5600SG-9ER",
        "product_url": "https://shop.casio.ru/catalog/g-shock/gm-5600sg-9er/",
        "product_price": "23 540"
    },
    {
        "product_article": "GM-6900-1ER",
        "product_url": "https://shop.casio.ru/catalog/g-shock/gm_6900_1er/",
        "product_price": "19 990"
    },
    {
        "product_article": "GM-6900B-4ER",
        "product_url": "https://shop.casio.ru/catalog/g-shock/gm_6900b_4er/",
        "product_price": "19 990"
    },
    {
        "product_article": "GM-6900G-9ER",
        "product_url": "https://shop.casio.ru/catalog/g-shock/gm_6900g_9er/",
        "product_price": "21 390"
    },
    {
        "product_article": "GM-6900SCM-1ER",
        "product_url": "https://shop.casio.ru/catalog/g-shock/gm_6900scm_1er/",
        "product_price": "21 790"
    },
    {
        "product_article": "GM-6900SG-9ER",
        "product_url": "https://shop.casio.ru/catalog/g-shock/gm-6900sg-9er/",
        "product_price": "24 590"
    },
    {
        "product_article": "GMD-B800-1ER",
        "product_url": "https://shop.casio.ru/catalog/g-shock-connected/gmd_b800_1er/",
        "product_price": "10 590"
    },
    {
        "product_article": "GMD-B800-4ER",
        "product_url": "https://shop.casio.ru/catalog/g-shock-connected/gmd_b800_4er/",
        "product_price": "10 590"
    },
    {
        "product_article": "GMD-B800SC-1BER",
        "product_url": "https://shop.casio.ru/catalog/g-shock-connected/gmd_b800sc_1ber/",
        "product_price": "10 590"
    },
    {
        "product_article": "GMW-B5000GD-4ER",
        "product_url": "https://shop.casio.ru/catalog/g-shock-premium/gmw_b5000gd_4er/",
        "product_price": "51 990"
    },
    {
        "product_article": "GMW-B5000GD-9ER",
        "product_url": "https://shop.casio.ru/catalog/g-shock-premium/gmw_b5000gd_9er/",
        "product_price": "51 990"
    },
    {
        "product_article": "GMW-B5000RD-4ER",
        "product_url": "https://shop.casio.ru/catalog/g-shock-premium/gmw-b5000rd-4er/",
        "product_price": "51 990"
    },
    {
        "product_article": "GR-B200-1AER",
        "product_url": "https://shop.casio.ru/catalog/g-shock-connected/gr_b200_1aer/",
        "product_price": "29 990"
    },
    {
        "product_article": "GST-B100-1AER",
        "product_url": "https://shop.casio.ru/catalog/g-shock-g-steel/gst_b100_1aer/",
        "product_price": "27 490"
    },
    {
        "product_article": "GST-B100D-1AER",
        "product_url": "https://shop.casio.ru/catalog/g-shock-g-steel/gst_b100d_1aer/",
        "product_price": "34 990"
    },
    {
        "product_article": "GST-B200-1AER",
        "product_url": "https://shop.casio.ru/catalog/g-shock-g-steel/gst_b200_1aer/",
        "product_price": "26 990"
    },
    {
        "product_article": "GST-B200B-1AER",
        "product_url": "https://shop.casio.ru/catalog/g-shock-g-steel/gst_b200b_1aer/",
        "product_price": "32 590"
    },
    {
        "product_article": "GST-B300S-1AER",
        "product_url": "https://shop.casio.ru/catalog/g-shock-g-steel/gst_b300s_1aer/",
        "product_price": "28 590"
    },
    {
        "product_article": "GST-B300SD-1AER",
        "product_url": "https://shop.casio.ru/catalog/g-shock-g-steel/gst_b300sd_1aer/",
        "product_price": "35 990"
    },
    {
        "product_article": "GST-W110-1AER",
        "product_url": "https://shop.casio.ru/catalog/g-shock-g-steel/gst_w110_1aer/",
        "product_price": "26 390"
    },
    {
        "product_article": "GW-3000M-4AER",
        "product_url": "https://shop.casio.ru/catalog/g-shock-professional/gw_3000m_4aer/",
        "product_price": "24 740"
    },
    {
        "product_article": "GW-9400-1BER",
        "product_url": "https://shop.casio.ru/catalog/g-shock-professional/gw_9400_1ber/",
        "product_price": "33 490"
    },
    {
        "product_article": "GW-9400-1ER",
        "product_url": "https://shop.casio.ru/catalog/g-shock-professional/gw_9400_1er/",
        "product_price": "29 440"
    },
    {
        "product_article": "GW-B5600-2ER",
        "product_url": "https://shop.casio.ru/catalog/g-shock-connected/gw_b5600_2er/",
        "product_price": "13 590"
    },
    {
        "product_article": "GW-B5600BC-1BER",
        "product_url": "https://shop.casio.ru/catalog/g-shock-connected/gw_b5600bc_1ber/",
        "product_price": "20 690"
    },
    {
        "product_article": "GW-B5600CT-1ER",
        "product_url": "https://shop.casio.ru/catalog/g-shock-connected/gw-b5600ct-1er/",
        "product_price": "12 190"
    },
    {
        "product_article": "GW-M5610-1BER",
        "product_url": "https://shop.casio.ru/catalog/g-shock/gw_m5610_1ber/",
        "product_price": "13 490"
    },
    {
        "product_article": "GW-M5610-1ER",
        "product_url": "https://shop.casio.ru/catalog/g-shock/gw_m5610_1er/",
        "product_price": "13 840"
    },
    {
        "product_article": "GW-M5610BB-1ER",
        "product_url": "https://shop.casio.ru/catalog/g-shock/gw_m5610bb_1er/",
        "product_price": "15 690"
    },
    {
        "product_article": "GWG-100-1A3ER",
        "product_url": "https://shop.casio.ru/catalog/g-shock-professional/gwg_100_1a3er/",
        "product_price": "28 890"
    },
    {
        "product_article": "GWG-100-1AER",
        "product_url": "https://shop.casio.ru/catalog/g-shock-professional/gwg_100_1aer/",
        "product_price": "28 890"
    },
    {
        "product_article": "GWG-1000-1A3ER",
        "product_url": "https://shop.casio.ru/catalog/g-shock-professional/gwg_1000_1a3er/",
        "product_price": "69 990"
    },
    {
        "product_article": "GX-56BB-1ER",
        "product_url": "https://shop.casio.ru/catalog/g-shock/gx_56bb_1er/",
        "product_price": "13 490"
    },
    {
        "product_article": "MRG-B1000D-1ADR",
        "product_url": "https://shop.casio.ru/catalog/g-shock-premium/mrg-b1000d-1adr/",
        "product_price": "234 990"
    },
    {
        "product_article": "MRG-B2000B-1A",
        "product_url": "https://shop.casio.ru/catalog/g-shock-premium/mrg-b2000b-1a/",
        "product_price": "232 990"
    },
    {
        "product_article": "MRG-B2000R-1A",
        "product_url": "https://shop.casio.ru/catalog/g-shock-premium/mrg-b2000r-1a/",
        "product_price": "232 990"
    },
    {
        "product_article": "MTG-B1000-1AER",
        "product_url": "https://shop.casio.ru/catalog/g-shock-premium/mtg-b1000-1aer/",
        "product_price": "80 990"
    },
    {
        "product_article": "MTG-B1000TJ-1AER",
        "product_url": "https://shop.casio.ru/catalog/g-shock-premium/mtg_b1000tj_1aer/",
        "product_price": "105 940"
    },
    {
        "product_article": "MTG-B1000WLP-1AER",
        "product_url": "https://shop.casio.ru/catalog/g-shock-premium/mtg_b1000wlp_1aer/",
        "product_price": "125 940"
    },
    {
        "product_article": "MTG-B2000B-1A2ER",
        "product_url": "https://shop.casio.ru/catalog/g-shock-premium/mtg_b2000b_1a2er/",
        "product_price": "105 990"
    },
    {
        "product_article": "MTG-B2000BD-1A4ER",
        "product_url": "https://shop.casio.ru/catalog/g-shock-premium/mtg_b2000bd_1a4er/",
        "product_price": "105 990"
    },
    {
        "product_article": "MTG-B2000PH-2AER",
        "product_url": "https://shop.casio.ru/catalog/g-shock-premium/mtg-b2000ph-2aer/",
        "product_price": "105 990"
    }
]