Артикул,Ссылка,Цена
GA-700SKE-7AER,https://shop.casio.ru/catalog/g-shock-youth/ga-700ske-7aer/,12 390
GA-2100SKE-7AER,https://shop.casio.ru/catalog/g-shock-youth/ga-2100ske-7aer/,11 790
DW-5600SKE-7ER,https://shop.casio.ru/catalog/g-shock/dw-5600ske-7er/,11 790
GA-110SKE-8AER,https://shop.casio.ru/catalog/g-shock-youth/ga-110ske-8aer/,12 390
GA-900SKE-8AER,https://shop.casio.ru/catalog/g-shock-youth/ga-900ske-8aer/,12 390
GA-2000SKE-8AER,https://shop.casio.ru/catalog/g-shock-youth/ga-2000ske-8aer/,12 390
GA-2100-1A1ER,https://shop.casio.ru/catalog/g-shock-youth/ga_2100_1a1er/,9 890
GA-2100-1AER,https://shop.casio.ru/catalog/g-shock-youth/ga_2100_1aer/,9 890
GA-2100-4AER,https://shop.casio.ru/catalog/g-shock-youth/ga_2100_4aer/,9 890
DW-5600BBN-1ER,https://shop.casio.ru/catalog/g-shock/dw_5600bbn_1er/,10 590
GMW-B5000D-1ER,https://shop.casio.ru/catalog/g-shock-premium/gmw_b5000d_1er/,49 990
DW-5600BBMB-1ER,https://shop.casio.ru/catalog/g-shock/dw_5600bbmb_1er/,7 990
GST-B300E-5AER,https://shop.casio.ru/catalog/g-shock-g-steel/gst-b300e-5a/,46 590
DW-5600E-1VER,https://shop.casio.ru/catalog/g-shock/dw_5600e_1ver/,7 740
DW-5600LS-2ER,https://shop.casio.ru/catalog/g-shock-youth/dw-5600ls-2/,11 790
DW-5600LS-7ER,https://shop.casio.ru/catalog/g-shock-youth/dw-5600ls-7/,11 790
DW-5610DN-9ER,https://shop.casio.ru/catalog/g-shock/dw-5610dn-9/,11 790
DW-5600MW-7ER,https://shop.casio.ru/catalog/g-shock/dw_5600mw_7er/,10 590
AW-590-1AER,https://shop.casio.ru/catalog/g-shock/aw_590_1a/,9 590
AW-591-2AER,https://shop.casio.ru/catalog/g-shock/aw_591_2a/,9 590
AW-591-4AER,https://shop.casio.ru/catalog/g-shock/aw_591_4a/,9 590
AWG-M100A-1AER,https://shop.casio.ru/catalog/g-shock/awg_m100a_1aer/,15 290
AWG-M100B-1AER,https://shop.casio.ru/catalog/g-shock/awg_m100b_1aer/,15 290
AWG-M100SAR-1AER,https://shop.casio.ru/catalog/g-shock/awg_m100sar_1aer/,13 990
AWG-M100SB-2AER,https://shop.casio.ru/catalog/g-shock/awg_m100sb_2aer/,15 290
AWG-M100SBL-1AER,https://shop.casio.ru/catalog/g-shock/awg_m100sbl_1aer/,15 290
AWG-M100SF-1H4ER,https://shop.casio.ru/catalog/g-shock/awg_m100sf_1h4er/,13 990
AWG-M100SRB-4AER,https://shop.casio.ru/catalog/g-shock/awg_m100srb_4aer/,13 990
DW-5600BB-1ER,https://shop.casio.ru/catalog/g-shock/dw_5600bb_1er/,9 890
DW-5600SB-2ER,https://shop.casio.ru/catalog/g-shock/dw_5600sb_2er/,10 540
DW-5600WM-5ER,https://shop.casio.ru/catalog/g-shock/dw_5600wm_5er/,11 790
DW-5610SU-8ER,https://shop.casio.ru/catalog/g-shock/dw_5610su_8er/,12 390
DW-5610SUS-5ER,https://shop.casio.ru/catalog/g-shock/dw_5610sus_5er/,15 290
DW-5900RS-1ER,https://shop.casio.ru/catalog/g-shock/dw_5900rs_1er/,8 990
DW-6900LS-1ER,https://shop.casio.ru/catalog/g-shock-youth/dw-6900ls-1/,11 790
DW-6900LS-2ER,https://shop.casio.ru/catalog/g-shock-youth/dw-6900ls-2/,11 790
DW-6900PF-1ER,https://shop.casio.ru/catalog/g-shock-youth/dw-6900pf-1er/,11 590
DW-6900SP-1ER,https://shop.casio.ru/catalog/g-shock/dw_6900sp_1er/,12 990
DWE-5600CC-3ER,https://shop.casio.ru/catalog/g-shock/dwe_5600cc_3er/,27 790
DWE-5600KS-7ER,https://shop.casio.ru/catalog/g-shock/dwe_5600ks_7er/,24 590
G-2900F-1VER,https://shop.casio.ru/catalog/g-shock/g_2900f_1ver/,6 890
G-2900F-8VER,https://shop.casio.ru/catalog/g-shock/g_2900f_8ver/,6 890
G-8900GB-1ER,https://shop.casio.ru/catalog/g-shock/g_8900gb_1er/,10 590
G-9000-1VER,https://shop.casio.ru/catalog/g-shock-professional/g_9000_1ver/,9 940
G-9300-1ER,https://shop.casio.ru/catalog/g-shock-professional/g_9300_1er/,17 990
GA-100-1A1ER,https://shop.casio.ru/catalog/g-shock-youth/ga_100_1a1er/,10 590
GA-100-1A2ER,https://shop.casio.ru/catalog/g-shock-youth/ga_100_1a2er/,10 590
GA-100-1A4ER,https://shop.casio.ru/catalog/g-shock-youth/ga_100_1a4er/,10 590
GA-100B-4AER,https://shop.casio.ru/catalog/g-shock-youth/ga_100b_4aer/,10 590
GA-100B-7AER,https://shop.casio.ru/catalog/g-shock-youth/ga_100b_7aer/,10 590
GA-100CF-1A9ER,https://shop.casio.ru/catalog/g-shock-youth/ga_100cf_1a9er/,12 840
GA-100CM-5AER,https://shop.casio.ru/catalog/g-shock-youth/ga_100cm_5aer/,15 690
GA-100GBX-1A4,https://shop.casio.ru/catalog/g-shock-youth/ga_100gbx_1a4/,11 790
GA-100GBX-1A9,https://shop.casio.ru/catalog/g-shock-youth/ga_100gbx_1a9/,11 790
GA-110-1AER,https://shop.casio.ru/catalog/g-shock-youth/ga_110_1aer/,12 390
GA-110-1BER,https://shop.casio.ru/catalog/g-shock-youth/ga_110_1ber/,12 390
GA-110BT-1AER,https://shop.casio.ru/catalog/g-shock-youth/ga_110bt_1aer/,9 990
GA-110GB-1AER,https://shop.casio.ru/catalog/g-shock-youth/ga_110gb_1aer/,13 840
GA-110LS-1AER,https://shop.casio.ru/catalog/g-shock-youth/ga_110ls_1aer/,13 490
GA-110LS-7AER,https://shop.casio.ru/catalog/g-shock-youth/ga_110ls_7aer/,13 490
GA-110RG-1AER,https://shop.casio.ru/catalog/g-shock-youth/ga_110rg_1aer/,13 840
GA-140-1A1ER,https://shop.casio.ru/catalog/g-shock-youth/ga_140_1a1er/,10 590
GA-140-1A4ER,https://shop.casio.ru/catalog/g-shock-youth/ga_140_1a4er/,10 590
GA-140-6AER,https://shop.casio.ru/catalog/g-shock-youth/ga_140_6aer/,10 590
GA-140CT-1AER,https://shop.casio.ru/catalog/g-shock-youth/ga-140ct-1aer/,11 790
GA-140GB-1A1ER,https://shop.casio.ru/catalog/g-shock-youth/ga_140gb_1a1er/,15 290
GA-140GB-1A2ER,https://shop.casio.ru/catalog/g-shock-youth/ga_140gb_1a2er/,15 290
GA-140GM-1A1ER,https://shop.casio.ru/catalog/g-shock-youth/ga_140gm_1a1er/,12 840
GA-2000-1A9ER,https://shop.casio.ru/catalog/g-shock-youth/ga_2000_1a9er/,12 840
GA-2000-2AER,https://shop.casio.ru/catalog/g-shock-youth/ga_2000_2aer/,12 840
GA-2000S-1AER,https://shop.casio.ru/catalog/g-shock-youth/ga_2000s_1aer/,12 390
GA-2000SU-1AER,https://shop.casio.ru/catalog/g-shock-youth/ga_2000su_1aer/,13 990
GA-2100SU-1AER,https://shop.casio.ru/catalog/g-shock-youth/ga_2100su_1aer/,11 790
GA-2110ET-2AER,https://shop.casio.ru/catalog/g-shock-youth/ga_2110et_2aer/,11 790
GA-2110SU-3AER,https://shop.casio.ru/catalog/g-shock-youth/ga_2110su_3aer/,11 790
GA-700-1BER,https://shop.casio.ru/catalog/g-shock-youth/ga_700_1ber/,12 390
GA-700BMC-1AER,https://shop.casio.ru/catalog/g-shock-youth/ga_700bmc_1aer/,12 390
GA-700CT-1AER,https://shop.casio.ru/catalog/g-shock-youth/ga-700ct-1aer/,11 790
GA-710GB-1AER,https://shop.casio.ru/catalog/g-shock-youth/ga_710gb_1aer/,14 940
GA-800SC-2AER,https://shop.casio.ru/catalog/g-shock-youth/ga_800sc_2aer/,10 540
GA-900-1AER,https://shop.casio.ru/catalog/g-shock-youth/ga_900_1aer/,12 390
GA-900-2AER,https://shop.casio.ru/catalog/g-shock-youth/ga_900_2aer/,12 390
GA-900-4AER,https://shop.casio.ru/catalog/g-shock-youth/ga_900_4aer/,12 390
GA-900A-1A9ER,https://shop.casio.ru/catalog/g-shock-youth/ga_900a_1a9er/,12 390
GA-900C-1A4ER,https://shop.casio.ru/catalog/g-shock-youth/ga_900c_1a4er/,13 490
GA-900E-1A3ER,https://shop.casio.ru/catalog/g-shock-youth/ga_900e_1a3er/,16 490
GAW-100-1AER,https://shop.casio.ru/catalog/g-shock-youth/gaw_100_1aer/,14 490
GAW-100B-1A2ER,https://shop.casio.ru/catalog/g-shock-youth/gaw_100b_1a2er/,14 490
GAW-100B-1AER,https://shop.casio.ru/catalog/g-shock-youth/gaw_100b_1aer/,14 490
GBA-800-1AER,https://shop.casio.ru/catalog/g-shock-connected/gba_800_1aer/,13 490
GBA-800-9AER,https://shop.casio.ru/catalog/g-shock-connected/gba_800_9aer/,13 490
GBD-800-1BER,https://shop.casio.ru/catalog/g-shock-connected/gbd_800_1ber/,10 590
GBD-800-8ER,https://shop.casio.ru/catalog/g-shock-connected/gbd_800_8er/,10 590
GBD-800UC-3ER,https://shop.casio.ru/catalog/g-shock-connected/gbd_800uc_3er/,10 590
GBD-800UC-5ER,https://shop.casio.ru/catalog/g-shock-connected/gbd_800uc_5er/,10 590
GBD-800UC-8ER,https://shop.casio.ru/catalog/g-shock-connected/gbd_800uc_8er/,10 590
GG-B100-1A3ER,https://shop.casio.ru/catalog/g-shock-connected/gg_b100_1a3er/,37 390
GG-B100-1AER,https://shop.casio.ru/catalog/g-shock-connected/gg_b100_1aer/,37 390
GG-B100-1BER,https://shop.casio.ru/catalog/g-shock-connected/gg_b100_1ber/,37 390
GG-B100BTN-1AER,https://shop.casio.ru/catalog/g-shock-connected/gg_b100btn_1aer/,43 340
GM-110-1AER,https://shop.casio.ru/catalog/g-shock-youth/gm_110_1aer/,20 690
GM-110G-1A9ER,https://shop.casio.ru/catalog/g-shock-youth/gm_110g_1a9er/,23 540
GM-110NE-1AER,https://shop.casio.ru/catalog/g-shock-youth/gm_110ne_1aer/,35 940
GM-110SCM-1AER,https://shop.casio.ru/catalog/g-shock-youth/gm_110scm_1aer/,23 540
GM-110SG-9AER,https://shop.casio.ru/catalog/g-shock-youth/gm-110sg-9aer/,25 890
GM-5600-1ER,https://shop.casio.ru/catalog/g-shock/gm_5600_1er/,18 840
GM-5600B-3ER,https://shop.casio.ru/catalog/g-shock/gm_5600b_3er/,19 990
GM-5600SCM-1ER,https://shop.casio.ru/catalog/g-shock/gm_5600scm_1er/,21 790
GM-5600SG-9ER,https://shop.casio.ru/catalog/g-shock/gm-5600sg-9er/,23 540
GM-6900-1ER,https://shop.casio.ru/catalog/g-shock/gm_6900_1er/,19 990
GM-6900B-4ER,https://shop.casio.ru/catalog/g-shock/gm_6900b_4er/,19 990
GM-6900G-9ER,https://shop.casio.ru/catalog/g-shock/gm_6900g_9er/,21 390
GM-6900SCM-1ER,https://shop.casio.ru/catalog/g-shock/gm_6900scm_1er/,21 790
GM-6900SG-9ER,https://shop.casio.ru/catalog/g-shock/gm-6900sg-9er/,24 590
GMD-B800-1ER,https://shop.casio.ru/catalog/g-shock-connected/gmd_b800_1er/,10 590
GMD-B800-4ER,https://shop.casio.ru/catalog/g-shock-connected/gmd_b800_4er/,10 590
GMD-B800SC-1BER,https://shop.casio.ru/catalog/g-shock-connected/gmd_b800sc_1ber/,10 590
GMW-B5000GD-4ER,https://shop.casio.ru/catalog/g-shock-premium/gmw_b5000gd_4er/,51 990
GMW-B5000GD-9ER,https://shop.casio.ru/catalog/g-shock-premium/gmw_b5000gd_9er/,51 990
GMW-B5000RD-4ER,https://shop.casio.ru/catalog/g-shock-premium/gmw-b5000rd-4er/,51 990
GR-B200-1AER,https://shop.casio.ru/catalog/g-shock-connected/gr_b200_1aer/,29 990
GST-B100-1AER,https://shop.casio.ru/catalog/g-shock-g-steel/gst_b100_1aer/,27 490
GST-B100D-1AER,https://shop.casio.ru/catalog/g-shock-g-steel/gst_b100d_1aer/,34 990
GST-B200-1AER,https://shop.casio.ru/catalog/g-shock-g-steel/gst_b200_1aer/,26 990
GST-B200B-1AER,https://shop.casio.ru/catalog/g-shock-g-steel/gst_b200b_1aer/,32 590
GST-B300S-1AER,https://shop.casio.ru/catalog/g-shock-g-steel/gst_b300s_1aer/,28 590
GST-B300SD-1AER,https://shop.casio.ru/catalog/g-shock-g-steel/gst_b300sd_1aer/,35 990
GST-W110-1AER,https://shop.casio.ru/catalog/g-shock-g-steel/gst_w110_1aer/,26 390
GW-3000M-4AER,https://shop.casio.ru/catalog/g-shock-professional/gw_3000m_4aer/,24 740
GW-9400-1BER,https://shop.casio.ru/catalog/g-shock-professional/gw_9400_1ber/,33 490
GW-9400-1ER,https://shop.casio.ru/catalog/g-shock-professional/gw_9400_1er/,29 440
GW-B5600-2ER,https://shop.casio.ru/catalog/g-shock-connected/gw_b5600_2er/,13 590
GW-B5600BC-1BER,https://shop.casio.ru/catalog/g-shock-connected/gw_b5600bc_1ber/,20 690
GW-B5600CT-1ER,https://shop.casio.ru/catalog/g-shock-connected/gw-b5600ct-1er/,12 190
GW-M5610-1BER,https://shop.casio.ru/catalog/g-shock/gw_m5610_1ber/,13 490
GW-M5610-1ER,https://shop.casio.ru/catalog/g-shock/gw_m5610_1er/,13 840
GW-M5610BB-1ER,https://shop.casio.ru/catalog/g-shock/gw_m5610bb_1er/,15 690
GWG-100-1A3ER,https://shop.casio.ru/catalog/g-shock-professional/gwg_100_1a3er/,28 890
GWG-100-1AER,https://shop.casio.ru/catalog/g-shock-professional/gwg_100_1aer/,28 890
GWG-1000-1A3ER,https://shop.casio.ru/catalog/g-shock-professional/gwg_1000_1a3er/,69 990
GX-56BB-1ER,https://shop.casio.ru/catalog/g-shock/gx_56bb_1er/,13 490
MRG-B1000D-1ADR,https://shop.casio.ru/catalog/g-shock-premium/mrg-b1000d-1adr/,234 990
MRG-B2000B-1A,https://shop.casio.ru/catalog/g-shock-premium/mrg-b2000b-1a/,232 990
MRG-B2000R-1A,https://shop.casio.ru/catalog/g-shock-premium/mrg-b2000r-1a/,232 990
MTG-B1000-1AER,https://shop.casio.ru/catalog/g-shock-premium/mtg-b1000-1aer/,80 990
MTG-B1000TJ-1AER,https://shop.casio.ru/catalog/g-shock-premium/mtg_b1000tj_1aer/,105 940
MTG-B1000WLP-1AER,https://shop.casio.ru/catalog/g-shock-premium/mtg_b1000wlp_1aer/,125 940
MTG-B2000B-1A2ER,https://shop.casio.ru/catalog/g-shock-premium/mtg_b2000b_1a2er/,105 990
MTG-B2000BD-1A4ER,https://shop.casio.ru/catalog/g-shock-premium/mtg_b2000bd_1a4er/,105 990
MTG-B2000PH-2AER,https://shop.casio.ru/catalog/g-shock-premium/mtg-b2000ph-2aer/,105 990
