[
    {
        "Fest name": "Whitby Blues, Rhythm & Rock Festival",
        "Fest date": "Saturday 20th February 2021",
        "Contacts data": {
            "Name": "Whitby Pavilion",
            "Address": "West Cliff, Whitby, YO21 3EN",
            "Phone": "01947 603475",
            "Venue short url": "https://www.skiddle.com/venues/545/",
            "Type of venue": "Other"
        }
    },
    {
        "Fest name": "You Are Not Alone Festival",
        "Fest date": "Saturday 6th March 2021",
        "Contacts data": {
            "Name": "Manchester City Centre",
            "Address": "City Centre, Manchester, M60 7RA",
            "Phone": "08432893333",
            "Venue short url": "https://www.skiddle.com/venues/13330/",
            "Type of venue": "Outdoors"
        }
    },
    {
        "Fest name": "Southport Weekender Festival",
        "Fest date": "Friday 19th March 2021",
        "Contacts data": {
            "Name": "Crystal Palace",
            "Address": "Crystal Palace, London, SE19 1UE",
            "Phone": "",
            "Venue short url": "https://www.skiddle.com/venues/94292/",
            "Type of venue": "Nightclub"
        }
    },
    {
        "Fest name": "Terminal V Festival",
        "Fest date": "Saturday 3rd - Sunday 4th April 2021",
        "Contacts data": {
            "Name": "Royal Highland Centre",
            "Phone": "0131 335 6207",
            "Capacity": "5000-20000",
            "Address": "Inlgiston, Edinburgh, EH28 8NB",
            "Venue short url": "https://www.skiddle.com/venues/8464/",
            "Type of venue": "Other"
        }
    },
    {
        "Fest name": "Insomnifest  festival",
        "Fest date": "Sunday 4th April 2021",
        "Contacts data": {
            "Name": "Beaver Works",
            "Phone": "01132448088",
            "Capacity": "1200-1900",
            "Type of venue": "Nightclub",
            "Dress code": "Cool and casual clubbers",
            "Opening hours": "9-6",
            "Food served": "No",
            "Parking": "large carpark overlooked by security and more safe carparking nearby.  all free.",
            "Nearest Train Station": "Leeds central",
            "Address": "36 Whitehouse Street, Leeds, LS10 1AD",
            "Venue short url": "https://www.skiddle.com/venues/11316/",
            "Music Policy": "Loud!",
            "Ambiance": "Leeds best clubbing experience",
            "Clientele": "Clubbers/ravers",
            "Drinks served": "Beers, wines, spirits, soft drinks",
            "Disabled facilities": "toilets and ramps but not fully accessable friendly.",
            "Nearest Bus Stop": "Whitehouse Street"
        }
    },
    {
        "Fest name": "Hit the North festival",
        "Fest date": "Sunday 4th April 2021",
        "Contacts data": {
            "Name": "Various Venues",
            "Address": "Throughout Newcastle Co. Down, Newcastle, BT33 0EU",
            "Phone": "07546838137",
            "Venue short url": "https://www.skiddle.com/venues/24484/",
            "Type of venue": "Live"
        }
    },
    {
        "Fest name": "Threshold Festival",
        "Fest date": "Friday 9th - Saturday 10th April 2021",
        "Contacts data": {
            "Name": "Baltic Triangle",
            "Phone": "",
            "Venue short url": "https://www.skiddle.com/venues/27782/",
            "Address": "Jamaica Street, Liverpool, L1 0BS",
            "Website": "http://baltictriangle.co.uk",
            "Type of venue": "Nightclub"
        }
    },
    {
        "Fest name": "Manchester Reggae Festival",
        "Fest date": "Friday 16th April 2021",
        "Contacts data": {
            "Name": "Bowlers Exhibition Centre",
            "Phone": "01618760007",
            "Venue short url": "https://www.skiddle.com/venues/30902/",
            "Type of venue": "Nightclub",
            "Parking": "800 Free car parking spaces. There is Accessible Parking near the Bowlers Exhibition Centre and limited dedicated accessible parking spaces are available in the venue car park area itself.",
            "Address": "Longbridge Road, Stretford, Manchester, M17 1EH",
            "Website": "http://www.bowlersexhibitioncentre.co.uk/",
            "Capacity": "300 up to 4,500",
            "Disabled facilities": "Mostly disabled friendly with full access to most areas of the event. There are disabled toilet facilities inside the public toilet areas, and ramps throughout the ground floor and outside.",
            "Nearest Bus Stop": "Park Way bus stop (MANJPJPG)"
        }
    },
    {
        "Fest name": "Liverpool Disco Festival",
        "Fest date": "Sunday 4th April 2021",
        "Contacts data": {
            "Name": "Camp And Furnace",
            "Phone": "0151 708 2890",
            "Venue short url": "https://www.skiddle.com/venues/30720/",
            "Type of venue": "Bar/Pub",
            "Nearest Train Station": "Liverpool Central",
            "Address": "67 Greenland Street , Liverpool , L1 0BY",
            "Website": "http://www.campandfurnace.com",
            "Capacity": "500 - 2000",
            "Nearest Bus Stop": "Stanhope street, Brick Street"
        }
    },
    {
        "Fest name": "Yorkshire Cosplay Con 2021 festival",
        "Fest date": "Saturday 24th April 2021",
        "Contacts data": {
            "Name": "Magna Science Adventure Centre",
            "Phone": "01709 720002",
            "Venue short url": "https://www.skiddle.com/venues/61026/",
            "Address": "Magna Way Rotherham, S60 1FD, Rotherham, S60 1FD",
            "Website": "https://www.visitmagna.co.uk/",
            "Type of venue": "Exhibition Centre"
        }
    },
    {
        "Fest name": "Big North Tattoo Show festival",
        "Fest date": "Saturday 24th - Sunday 25th April 2021",
        "Contacts data": {
            "Name": "Utilita Arena",
            "Address": "Arena Way, Newcastle Upon Tyne, NE4 7NA",
            "Phone": "0844 493 6666",
            "Venue short url": "https://www.skiddle.com/venues/93170/",
            "Type of venue": "Nightclub"
        }
    },
    {
        "Fest name": "Cheshire Fest festival",
        "Fest date": "Friday 30th April - Monday 3rd May 2021",
        "Contacts data": {
            "Name": "Manchester Rugby Club",
            "Address": "GROVE LANE,CHEADLE,HULME, MANCHESTER, SK8 7NB",
            "Phone": "",
            "Venue short url": "https://www.skiddle.com/venues/2975/",
            "Type of venue": "Live"
        }
    },
    {
        "Fest name": "Liverpool Sound City festival",
        "Fest date": "Friday 30th April - Sunday 2nd May 2021",
        "Contacts data": {
            "Name": "Baltic Triangle",
            "Phone": "",
            "Venue short url": "https://www.skiddle.com/venues/27782/",
            "Address": "Jamaica Street, Liverpool, L1 0BS",
            "Website": "http://baltictriangle.co.uk",
            "Type of venue": "Nightclub"
        }
    },
    {
        "Fest name": "Rezerection In The Park festival",
        "Fest date": "Saturday 1st May 2021",
        "Contacts data": {
            "Name": "Leazes Park",
            "Address": "Richardson Road, Newcastle Upon Tyne, NE2 4BJ",
            "Phone": "",
            "Venue short url": "https://www.skiddle.com/venues/72524/",
            "Type of venue": "Outdoors"
        }
    },
    {
        "Fest name": "Inside Out festival",
        "Fest date": "Saturday 1st - Sunday 2nd May 2021",
        "Contacts data": {
            "Name": "Bute Park",
            "Phone": "029 2087 2087",
            "Venue short url": "https://www.skiddle.com/venues/60155/",
            "Parking": "Pay and display car parking facilities are available nearby in Sophia Gardens (CF11 9LJ)",
            "Address": "North Road, Cardiff, Cardiff, CF10 3DX",
            "Website": "http://bute-park.com/",
            "Type of venue": "Outdoors",
            "Nearest Train Station": "The West Gate entrance at the southern end of Bute Park is roughly 10 minutes walk from Cardiff Central station and 15 minutes walk from Cardiff Queen Street."
        }
    },
    {
        "Fest name": "Brighton Tattoo Convention festival",
        "Fest date": "Saturday 1st - Sunday 2nd May 2021",
        "Contacts data": {
            "Name": "Brighton Centre",
            "Phone": "01273 290131",
            "Capacity": "4500",
            "Address": "Kings Road, East Sussex , Brighton, BN1 2GR",
            "Venue short url": "https://www.skiddle.com/venues/11223/",
            "Type of venue": "Live"
        }
    },
    {
        "Fest name": "Noughty 90s Festival",
        "Fest date": "Saturday 1st May 2021",
        "Contacts data": {
            "Name": "Waterhall",
            "Address": "Waterhall, Brighton, BN45 7DB",
            "Phone": "N/A",
            "Venue short url": "https://www.skiddle.com/venues/50896/",
            "Type of venue": "Outdoors"
        }
    },
    {
        "Fest name": "Brixton Disco Festival",
        "Fest date": "Saturday 1st May 2021",
        "Contacts data": {
            "Name": "Multiple Venues Brixton",
            "Address": "1 Windrush Square, London, SW2 1EF",
            "Phone": "",
            "Venue short url": "https://www.skiddle.com/venues/83286/",
            "Type of venue": "Nightclub"
        }
    },
    {
        "Fest name": "K-Fest festival",
        "Fest date": "Saturday 1st - Monday 3rd May 2021",
        "Contacts data": {
            "Name": "Rhyl Events Arena",
            "Phone": "",
            "Capacity": "8,000",
            "Address": "East Parade , Rhyl, LL18 3AF",
            "Venue short url": "https://www.skiddle.com/venues/92184/",
            "Type of venue": "Outdoors"
        }
    },
    {
        "Fest name": "Land Beyond Festival",
        "Fest date": "Sunday 2nd May 2021",
        "Contacts data": {
            "Name": "Wild Park",
            "Address": "Lewes Road , Brighton, BN1 9JJ",
            "Phone": "01273 701152",
            "Venue short url": "https://www.skiddle.com/venues/12568/",
            "Type of venue": "Outdoors"
        }
    },
    {
        "Fest name": "Sounds From The Other City festival",
        "Fest date": "Sunday 2nd May 2021",
        "Contacts data": {
            "Name": "Chapel Street",
            "Address": "Chapel Street, Salford, M3 5JY",
            "Phone": "",
            "Venue short url": "https://www.skiddle.com/venues/86678/",
            "Type of venue": "Live"
        }
    },
    {
        "Fest name": "Forbidden Forest festival",
        "Fest date": "Sunday 2nd May 2021",
        "Contacts data": {
            "Name": "Forbidden Forest",
            "Address": "Grimsthorpe, Bourne, PE10 0LY",
            "Phone": "",
            "Venue short url": "https://www.skiddle.com/venues/95238/",
            "Type of venue": "Outdoors"
        }
    },
    {
        "Fest name": "Detonate Festival",
        "Fest date": "Saturday 12th June 2021",
        "Contacts data": {
            "Name": "Colwick Country Park",
            "Address": "Colwick Park, Racecourse road, Nottingham, NG2 4BH",
            "Phone": "0115 950 0566",
            "Venue short url": "https://www.skiddle.com/venues/15654/",
            "Type of venue": "Outdoors"
        }
    },
    {
        "Fest name": "Acropolis Festival",
        "Fest date": "Saturday 8th May 2021",
        "Contacts data": {
            "Name": "Tutbury Castle",
            "Address": "Tutbury, staffs, Tutbury, DE13 9JF",
            "Phone": "01283 812129",
            "Venue short url": "https://www.skiddle.com/venues/13002/",
            "Type of venue": "Outdoors"
        }
    },
    {
        "Fest name": "The Great Escape festival",
        "Fest date": "Wednesday 12th - Saturday 15th May 2021",
        "Contacts data": {
            "Name": "Various",
            "Address": "Various, Brighton, BN3 1AS",
            "Phone": "Various",
            "Venue short url": "https://www.skiddle.com/venues/4602/",
            "Type of venue": "Outdoors"
        }
    },
    {
        "Fest name": "Highest Point Festival",
        "Fest date": "Friday 14th - Saturday 15th May 2021",
        "Contacts data": {
            "Name": "Williamson Park",
            "Phone": "01524 33318",
            "Capacity": "10,000",
            "Nearest Bus Stop": "Williamson Park Gates (Routes 18, 881, 941)",
            "Address": "Wyresdale Road, Lancaster, LA1 3DY",
            "Venue short url": "https://www.skiddle.com/venues/87076/",
            "Type of venue": "Outdoors",
            "Nearest Train Station": "Lancaster Train Station"
        }
    },
    {
        "Fest name": "The Big Family Day Out festival",
        "Fest date": "Sunday 16th May 2021",
        "Contacts data": {
            "Name": "The Ashton Memorial",
            "Phone": "01524 33318",
            "Venue short url": "https://www.skiddle.com/venues/60172/",
            "Type of venue": "Outdoors",
            "Address": "The Ashton Memorial, Lancaster, Lancaster, LA1 1UX",
            "Website": "http://www.lancaster.gov.uk/parks-and-open-spaces/williamson-park/",
            "Capacity": "6000"
        }
    },
    {
        "Fest name": "Clubland Live Weekender festival",
        "Fest date": "Friday 7th - Saturday 8th May 2021",
        "Contacts data": {
            "Name": "Norbreck Castle Hotel",
            "Phone": "",
            "Capacity": "1500",
            "Address": "Queens Promenade, Blackpool, FY2 9AA",
            "Venue short url": "https://www.skiddle.com/venues/88662/",
            "Type of venue": "Hotel"
        }
    },
    {
        "Fest name": "Friendly Fest festival",
        "Fest date": "Saturday 22nd May 2021",
        "Contacts data": {
            "Name": "Kynoch Park",
            "Phone": "",
            "Capacity": "1000",
            "Address": "Kynoch Park, Balloch Road, Balloch Road, Keith, AB55, Keith, AB55 5EN",
            "Venue short url": "https://www.skiddle.com/venues/82343/",
            "Type of venue": "Sports"
        }
    },
    {
        "Fest name": "Let's Rock The Moor! festival",
        "Fest date": "Saturday 22nd May 2021",
        "Contacts data": {
            "Name": "Marsh Meadow",
            "Address": "The Moor, Cookham, Maidenhead, SL6 9SB",
            "Phone": "",
            "Venue short url": "https://www.skiddle.com/venues/76985/",
            "Type of venue": "Nightclub"
        }
    },
    {
        "Fest name": "FLY Open Air festival",
        "Fest date": "Saturday 22nd - Sunday 23rd May 2021",
        "Contacts data": {
            "Name": "Hopetoun House",
            "Address": "Hopetoun Estates, Newton, Broxburn , EH52 6QD",
            "Phone": "0131 331 2451",
            "Venue short url": "https://www.skiddle.com/venues/26770/",
            "Type of venue": "Theatre"
        }
    },
    {
        "Fest name": "Knockengorroch Festival",
        "Fest date": "Thursday 27th - Sunday 30th May 2021",
        "Contacts data": {
            "Name": "Knockengorroch",
            "Address": "Carsphairn, Castle Douglas, Kirkcudbrightshire, DG7 3TJ",
            "Phone": "",
            "Venue short url": "https://www.skiddle.com/venues/47670/",
            "Type of venue": "Outdoors"
        }
    },
    {
        "Fest name": "Bearded Theory festival",
        "Fest date": "Thursday 27th - Sunday 30th May 2021",
        "Contacts data": {
            "Name": "Catton Hall",
            "Address": "Catton,  walton-on-Trent, South Derbyshire, DE12 8LN",
            "Phone": "01283716311",
            "Venue short url": "https://www.skiddle.com/venues/5339/",
            "Type of venue": "Outdoors"
        }
    },
    {
        "Fest name": "Buckle & Boots Country Festival",
        "Fest date": "Friday 28th - Sunday 30th May 2021",
        "Contacts data": {
            "Name": "Whitebottom Farm",
            "Address": "Etherow Country Park, Compstall, Stockport, SK6 5HZ",
            "Phone": "",
            "Venue short url": "https://www.skiddle.com/venues/58626/",
            "Type of venue": "Outdoors"
        }
    },
    {
        "Fest name": "Elderflower Fields festival",
        "Fest date": "Friday 28th - Monday 31st May 2021",
        "Contacts data": {
            "Name": "Pippingford Park",
            "Phone": "01825 712966",
            "Capacity": "6000",
            "Address": "Pippingford Park Manor, Millbrook Hill, Nutley, Uckfield, TN22, Nutley, TN22 3HW",
            "Venue short url": "https://www.skiddle.com/venues/67989/",
            "Type of venue": "Outdoors"
        }
    },
    {
        "Fest name": "AVA Festival",
        "Fest date": "Friday 28th - Saturday 29th May 2021",
        "Contacts data": {
            "Name": "Various Venues In Belfast",
            "Address": "Boucher Rd, Belfast, BT12 6EU",
            "Phone": "",
            "Venue short url": "https://www.skiddle.com/venues/101952/",
            "Type of venue": "Other"
        }
    },
    {
        "Fest name": "Funk and Soul Weekender festival",
        "Fest date": "Friday 28th - Sunday 30th May 2021",
        "Contacts data": {
            "Name": "Dreamland",
            "Phone": "01843295887",
            "Venue short url": "https://www.skiddle.com/venues/70492/",
            "Nearest Train Station": "Margate",
            "Address": "49-51 Marine Terrace,, Margate, Kent, CT9 1XJ",
            "Website": "https://www.dreamland.co.uk/",
            "Type of venue": "Live"
        }
    },
    {
        "Fest name": "Riverside Festival",
        "Fest date": "Friday 28th - Sunday 30th May 2021",
        "Contacts data": {
            "Name": "The Riverside Museum",
            "Address": "100 Pointhouse Road, Glasgow, G3 8RS",
            "Phone": "",
            "Venue short url": "https://www.skiddle.com/venues/77870/",
            "Type of venue": "Live"
        }
    },
    {
        "Fest name": "U Know Festival",
        "Fest date": "Friday 28th - Monday 31st May 2021",
        "Contacts data": {
            "Name": "The Sportsman Arms",
            "Phone": "",
            "Capacity": "1000",
            "Address": "Bylchau, Denbigh, LL16 5SW",
            "Venue short url": "https://www.skiddle.com/venues/99541/",
            "Type of venue": "Live"
        }
    },
    {
        "Fest name": "Slam Dunk Festival - North",
        "Fest date": "Saturday 29th May 2021",
        "Contacts data": {
            "Name": "Temple Newsam Park",
            "Address": "Temple Newsam Park Leeds, West Yorkshire, LS15 0AD",
            "Phone": "",
            "Venue short url": "https://www.skiddle.com/venues/85833/",
            "Type of venue": "Other"
        }
    },
    {
        "Fest name": "Let's Rock Norwich! festival",
        "Fest date": "Saturday 29th May 2021",
        "Contacts data": {
            "Name": "Earlham Park",
            "Address": "Earlham Road, Norwich, NR4 7TQ",
            "Phone": "",
            "Venue short url": "https://www.skiddle.com/venues/59065/",
            "Type of venue": "Outdoors"
        }
    },
    {
        "Fest name": "Leestock Music Festival",
        "Fest date": "Saturday 29th - Sunday 30th May 2021",
        "Contacts data": {
            "Name": "Melford Hall",
            "Address": "Long Melford, Sudbury, Suffolk, CO10 9AA",
            "Phone": "00000000000",
            "Venue short url": "https://www.skiddle.com/venues/38828/",
            "Type of venue": "Outdoors"
        }
    },
    {
        "Fest name": "The Bath Festival Finale",
        "Fest date": "Saturday 29th May 2021",
        "Contacts data": {
            "Name": "The Recreation Ground",
            "Phone": "0",
            "Capacity": "Bath",
            "Address": "Spring Gardens, Bath, BA2 4HY",
            "Venue short url": "https://www.skiddle.com/venues/18489/",
            "Type of venue": "Sports"
        }
    },
    {
        "Fest name": "Neighbourhood Weekender festival",
        "Fest date": "Friday 28th - Sunday 30th May 2021",
        "Contacts data": {
            "Name": "Victoria Park",
            "Address": "Knutsford Road, Warrington, WA4 1DQ",
            "Phone": "01925442731",
            "Venue short url": "https://www.skiddle.com/venues/9666/",
            "Type of venue": "Outdoors"
        }
    },
    {
        "Fest name": "The Weekender Festival",
        "Fest date": "Saturday 29th - Sunday 30th May 2021",
        "Contacts data": {
            "Name": "Newnham Park",
            "Address": "Newnham Park, Plympton, Plymouth, PL7 5BN",
            "Phone": "",
            "Venue short url": "https://www.skiddle.com/venues/88413/",
            "Type of venue": "Outdoors"
        }
    },
    {
        "Fest name": "Wonderwood festival",
        "Fest date": "Sunday 30th May 2021",
        "Contacts data": {
            "Name": "Witton Country Park",
            "Phone": "01254 666976",
            "Capacity": "n/a",
            "Type of venue": "Outdoors",
            "Dress code": "None",
            "Drinks served": "At the Pavilion Cafe",
            "Disabled facilities": "Many areas have either level access or are accessible via the use of ramps and hand rails. For disabled park users who wish to park at the visitor centre there is a barrier in place at the car park that is opened with a RADAR key.",
            "Nearest Bus Stop": "Preston Old Road",
            "Address": "Preston Old Road, Blackburn, BB2 2TP",
            "Venue short url": "https://www.skiddle.com/venues/56037/",
            "Music Policy": "n/a except at some specific events.",
            "Ambiance": "Parklife",
            "Clientele": "All ages; families, athletes, walkers, people attending events.",
            "Food served": "At the Pavilion Cafe",
            "Parking": "Free car parking available at each entrance.",
            "Nearest Train Station": "Mill Hill"
        }
    },
    {
        "Fest name": "Parked Out festival",
        "Fest date": "Sunday 30th May 2021",
        "Contacts data": {
            "Name": "The Old Post Office",
            "Phone": "01226 387619",
            "Type of venue": "Bar/Pub",
            "Parking": "large car park",
            "Address": "Huddersfield Road, Barnsley, S75 4DE",
            "Venue short url": "https://www.skiddle.com/venues/9890/",
            "Food served": "pub meals available"
        }
    },
    {
        "Fest name": "Sunday Sessions Norwich festival",
        "Fest date": "Sunday 30th May 2021",
        "Contacts data": {
            "Name": "Earlham Park",
            "Address": "Earlham Road, Norwich, NR4 7TQ",
            "Phone": "",
            "Venue short url": "https://www.skiddle.com/venues/59065/",
            "Type of venue": "Outdoors"
        }
    },
    {
        "Fest name": "Stadium Music Festival",
        "Fest date": "Sunday 30th May 2021",
        "Contacts data": {
            "Name": "Hereford FC Stadium",
            "Phone": "",
            "Capacity": "5000",
            "Address": "Edgar Street, Hereford, HR4 9JU",
            "Venue short url": "https://www.skiddle.com/venues/93733/",
            "Type of venue": "Sports"
        }
    },
    {
        "Fest name": "Slam Dunk Festival - South",
        "Fest date": "Sunday 30th May 2021",
        "Contacts data": {
            "Name": "Hatfield Park",
            "Address": "Hatfield, Hatfield, AL9 5HX",
            "Phone": "",
            "Venue short url": "https://www.skiddle.com/venues/99704/",
            "Type of venue": "Nightclub"
        }
    },
    {
        "Fest name": "Proper Fest festival",
        "Fest date": "Sunday 30th May 2021",
        "Contacts data": {
            "Name": "Weeley Car Boot",
            "Phone": "",
            "Capacity": "5000",
            "Address": "Saxons Lodge, Colchester Road, Weeley, Clacton-on-Sea, CO16 9AG",
            "Venue short url": "https://www.skiddle.com/venues/100279/",
            "Type of venue": "Outdoors"
        }
    },
    {
        "Fest name": "Junction 2 festival",
        "Fest date": "Friday 4th - Saturday 5th June 2021",
        "Contacts data": {
            "Name": "Boston Manor Park",
            "Phone": "0208 992 1626",
            "Capacity": "7500",
            "Type of venue": "Outdoors",
            "Clientele": "People from the Southern Hemisphere, or people interested in visiting the Southern Hemisphere. Basically - anybody!",
            "Drinks served": "Southern Hemisphere Wine, Beer, cold drinks, cocktails and coffee",
            "Disabled facilities": "yes, including toilets",
            "Nearest Bus Stop": "E3 , E8, 195",
            "Address": "Boston Manor Road, Brentford, TW8 9JX",
            "Venue short url": "https://www.skiddle.com/venues/32480/",
            "Music Policy": "Music from the Southern Hemisphere",
            "Dress code": "casual",
            "Opening hours": "11am - 10-30pm",
            "Food served": "Food from the Southern Hemisphere - Pies, Pizza, Mussels, Braai, Burgers",
            "Parking": "Street parking, driving is not encouraged",
            "Nearest Train Station": "Brentford Station"
        }
    },
    {
        "Fest name": "Baltic Weekender festival",
        "Fest date": "Friday 4th - Saturday 5th June 2021",
        "Contacts data": {
            "Name": "Baltic Triangle",
            "Phone": "",
            "Venue short url": "https://www.skiddle.com/venues/27782/",
            "Address": "Jamaica Street, Liverpool, L1 0BS",
            "Website": "http://baltictriangle.co.uk",
            "Type of venue": "Nightclub"
        }
    },
    {
        "Fest name": "Download Festival",
        "Fest date": "Friday 4th - Sunday 6th June 2021",
        "Contacts data": {
            "Name": "Donington Park",
            "Address": "Castle Donington, Derby, DE74 2RP",
            "Phone": "01332 862 409",
            "Venue short url": "https://www.skiddle.com/venues/686/",
            "Type of venue": "Live"
        }
    },
    {
        "Fest name": "Midstock Festival",
        "Fest date": "Friday 4th - Saturday 5th June 2021",
        "Contacts data": {
            "Name": "Dalkeith Country Park",
            "Address": "Dalkeith, Edinburgh, Edinburgh, EH22 2NJ",
            "Phone": "0131 663 5684",
            "Venue short url": "https://www.skiddle.com/venues/43886/",
            "Type of venue": "Outdoors"
        }
    },
    {
        "Fest name": "Moovin Festival",
        "Fest date": "Friday 4th - Sunday 6th June 2021",
        "Contacts data": {
            "Name": "Whitebottom Farm",
            "Address": "Etherow Country Park, Compstall, Stockport, SK6 5HZ",
            "Phone": "",
            "Venue short url": "https://www.skiddle.com/venues/58626/",
            "Type of venue": "Outdoors"
        }
    },
    {
        "Fest name": "Wychwood Festival",
        "Fest date": "Friday 4th - Sunday 6th June 2021",
        "Contacts data": {
            "Name": "Cheltenham Racecourse",
            "Address": "Evesham Road, Prestbury, Cheltenham, GL50 4SH",
            "Phone": "01242226226",
            "Venue short url": "https://www.skiddle.com/venues/8690/",
            "Type of venue": "Outdoors"
        }
    },
    {
        "Fest name": "Garage Nation Outdoor Festival",
        "Fest date": "Saturday 5th June 2021",
        "Contacts data": {
            "Name": "Croydon   Park To Be Announced",
            "Phone": "",
            "Capacity": "10000",
            "Address": "To Be Announced, Croydon, CR0 5RL",
            "Venue short url": "https://www.skiddle.com/venues/101539/",
            "Type of venue": "Outdoors"
        }
    },
    {
        "Fest name": "Cross The Tracks festival",
        "Fest date": "Sunday 6th June 2021",
        "Contacts data": {
            "Name": "Brockwell Park",
            "Address": "Brockwell Park, London, SE24 9BJ",
            "Phone": "",
            "Venue short url": "https://www.skiddle.com/venues/31832/",
            "Type of venue": "Outdoors"
        }
    },
    {
        "Fest name": "One Dance festival",
        "Fest date": "Sunday 6th June 2021",
        "Contacts data": {
            "Name": "Croydon   Park To Be Announced",
            "Phone": "",
            "Capacity": "10000",
            "Address": "To Be Announced, Croydon, CR0 5RL",
            "Venue short url": "https://www.skiddle.com/venues/101539/",
            "Type of venue": "Outdoors"
        }
    },
    {
        "Fest name": "Positive Vibration - Festival of Reggae",
        "Fest date": "Friday 11th - Saturday 12th June 2021",
        "Contacts data": {
            "Name": "Baltic Triangle",
            "Phone": "",
            "Venue short url": "https://www.skiddle.com/venues/27782/",
            "Address": "Jamaica Street, Liverpool, L1 0BS",
            "Website": "http://baltictriangle.co.uk",
            "Type of venue": "Nightclub"
        }
    },
    {
        "Fest name": "Elderflower Fields Midlands festival",
        "Fest date": "Friday 11th - Sunday 13th June 2021",
        "Contacts data": {
            "Name": "Stanford Hall",
            "Phone": "01788 860250",
            "Capacity": "7000",
            "Drinks served": "yes",
            "Disabled facilities": "YES",
            "Nearest Train Station": "Rugby",
            "Address": "stanford hall , lutterworth, Leicestershire , LE17 6DH",
            "Venue short url": "https://www.skiddle.com/venues/36456/",
            "Type of venue": "Outdoors",
            "Food served": "yes",
            "Parking": "on site"
        }
    },
    {
        "Fest name": "SFest Music Festival",
        "Fest date": "Friday 11th June 2021",
        "Contacts data": {
            "Name": "Stourport Swifts Football Club",
            "Phone": "07912 890997",
            "Venue short url": "https://www.skiddle.com/venues/99654/",
            "Type of venue": "Sports",
            "Address": "Harold Davies Drive, Stourport-on-Severn, DY13 0AA",
            "Website": "https://www.stourportswiftsfc.co.uk/",
            "Capacity": "2000"
        }
    },
    {
        "Fest name": "Big Love Festival",
        "Fest date": "Friday 11th - Sunday 13th June 2021",
        "Contacts data": {
            "Name": "BASKERVILLE HALL",
            "Phone": "01497820033",
            "Capacity": "1000",
            "Nearest Bus Stop": "Clyro",
            "Address": "Clyro Court, Clyro, Hay-on-Wye, HR3 5LE",
            "Venue short url": "https://www.skiddle.com/venues/3043/",
            "Type of venue": "Live",
            "Nearest Train Station": "Hereford"
        }
    },
    {
        "Fest name": "Lovebox  festival",
        "Fest date": "Friday 11th - Sunday 13th June 2021",
        "Contacts data": {
            "Name": "Gunnersbury Park",
            "Address": "Gunnersbury Park Ealing, London, W3 8LQ",
            "Phone": "0207 801 0077",
            "Venue short url": "https://www.skiddle.com/venues/3558/",
            "Type of venue": "Outdoors"
        }
    },
    {
        "Fest name": "Parklife  festival",
        "Fest date": "Saturday 11th - Sunday 12th September 2021",
        "Contacts data": {
            "Name": "Heaton Park",
            "Phone": "",
            "Venue short url": "https://www.skiddle.com/venues/6709/",
            "Address": "Heaton Park, Manchester, M25 2SW",
            "Website": "http://www.manchester.gov.uk/heatonpark",
            "Type of venue": "Outdoors"
        }
    },
    {
        "Fest name": "Rainford's Picnic In The Park festival",
        "Fest date": "Saturday 12th June 2021",
        "Contacts data": {
            "Name": "Jubilee Playing Fields Church Road Rainford",
            "Phone": "07877666895",
            "Venue short url": "https://www.skiddle.com/venues/85473/",
            "Music Policy": "12 noon until 10am",
            "Ambiance": "Chilled party in the park",
            "Clientele": "Family friendly",
            "Drinks served": "Bring your own! No glass!",
            "Disabled facilities": "Yes",
            "Nearest Bus Stop": "100m",
            "Address": ", church road, Rainford, St Helens, WA11 8HE",
            "Website": "http://Www.rainfordfestival.co.uk",
            "Capacity": "4500",
            "Type of venue": "Sports",
            "Dress code": "N/a",
            "Opening hours": "12noon",
            "Food served": "Pizza vans, burger vans but you can also bring your own!",
            "Parking": "Yes",
            "Nearest Train Station": "1 mile"
        }
    },
    {
        "Fest name": "Let's Rock The North East festival",
        "Fest date": "Saturday 12th June 2021",
        "Contacts data": {
            "Name": "Herrington Country Park",
            "Address": "Herrington Country Park, Sunderland, SR1 7DN",
            "Phone": "0191 553 2000",
            "Venue short url": "https://www.skiddle.com/venues/1655/",
            "Type of venue": "Outdoors"
        }
    },
    {
        "Fest name": "Tynedale Beer Festival",
        "Fest date": "Thursday 17th June 2021",
        "Contacts data": {
            "Name": "Tynedale Rugby Football Club",
            "Phone": "(01434) 63299",
            "Capacity": "5000",
            "Disabled facilities": "Flat area with disabled WC facilities",
            "Nearest Bus Stop": "200m away",
            "Address": "Tynedale Park, Corbridge , NE45 5AY",
            "Venue short url": "https://www.skiddle.com/venues/46686/",
            "Type of venue": "Sports",
            "Parking": "Plenty on site",
            "Nearest Train Station": "Corbridge Train Station"
        }
    },
    {
        "Fest name": "Sonic Rock Solstice Music Festival",
        "Fest date": "Thursday 17th - Sunday 20th June 2021",
        "Contacts data": {
            "Name": "Stoke Prior Sports  And  Country Club",
            "Phone": "01527 577876",
            "Capacity": "500",
            "Type of venue": "Live",
            "Drinks served": "Full range of drinks and good ales at cheap prices",
            "Disabled facilities": "yes",
            "Nearest Bus Stop": "2 min walk",
            "Address": "Weston Hall Road, Bromsgrove , B60 4AL",
            "Venue short url": "https://www.skiddle.com/venues/17511/",
            "Music Policy": "Licensed for live music",
            "Dress code": "No dress code",
            "Food served": "catering available for all tastes",
            "Parking": "Large car park on site",
            "Nearest Train Station": "Redditch 3 miles - Bromsgrove 5 Miles"
        }
    },
    {
        "Fest name": "Isle of Wight Festival",
        "Fest date": "Thursday 17th - Sunday 20th June 2021",
        "Contacts data": {
            "Name": "Seaclose Park",
            "Address": "Newport, Isle of White, Newport, PO30 1UD",
            "Phone": "n/a",
            "Venue short url": "https://www.skiddle.com/venues/8694/",
            "Type of venue": "Outdoors"
        }
    },
    {
        "Fest name": "Towerfest Country Music Festival",
        "Fest date": "Thursday 17th - Sunday 20th June 2021",
        "Contacts data": {
            "Name": "Drax Sports And Social Club",
            "Phone": "01757 611309",
            "Venue short url": "https://www.skiddle.com/venues/83046/",
            "Music Policy": "Country and Linedance",
            "Ambiance": "Excellent Outdoor event",
            "Clientele": "Country Music Fans",
            "Drinks served": "Yes",
            "Disabled facilities": "Yes",
            "Nearest Bus Stop": "100 Yards",
            "Address": "Drax Power Station, Drax, Selby, YO8 8PJ",
            "Website": "http://www.towerfest.co.uk",
            "Capacity": "1500",
            "Type of venue": "Outdoors",
            "Dress code": "none",
            "Opening hours": "10am to 10pm",
            "Food served": "Yes",
            "Parking": "On site",
            "Nearest Train Station": "Selby"
        }
    },
    {
        "Fest name": "Black Deer Festival",
        "Fest date": "Friday 18th - Sunday 20th June 2021",
        "Contacts data": {
            "Name": "Eridge Park",
            "Phone": "01892 750766",
            "Venue short url": "https://www.skiddle.com/venues/32294/",
            "Type of venue": "Outdoors",
            "Address": "Eridge Green, Tunbridge Wells, TN3 9JT",
            "Website": "http://Www.eridgepark.co.uk",
            "Capacity": "3500"
        }
    },
    {
        "Fest name": "Cloudspotting Music and Arts Festival",
        "Fest date": "Friday 18th - Sunday 20th June 2021",
        "Contacts data": {
            "Name": "Gisburn Forest Hub",
            "Phone": "01200 446533",
            "Venue short url": "https://www.skiddle.com/venues/94142/",
            "Music Policy": "Eclectic (this site is only used for music on special occasions)",
            "Ambiance": "Chilled",
            "Clientele": "All ages",
            "Drinks served": "A cafe operates 7 days a week between 10am and 4pm",
            "Disabled facilities": "Yes",
            "Nearest Bus Stop": "Dale Head",
            "Address": "Stephen Park, Dale Head, Slaidburn, Clitheroe, BB7 4TS",
            "Website": "http://gisburnforesthub.co.uk",
            "Capacity": "1,000",
            "Type of venue": "Outdoors",
            "Dress code": "Not applicable",
            "Opening hours": "10am-4pm",
            "Food served": "Yes",
            "Parking": "Yes (There is a pay and display car park)",
            "Nearest Train Station": "Clitheroe"
        }
    },
    {
        "Fest name": "Beacon Festival",
        "Fest date": "Friday 18th - Saturday 19th June 2021",
        "Contacts data": {
            "Name": "Beacon Festival",
            "Phone": "07970385831",
            "Venue short url": "https://www.skiddle.com/venues/50180/",
            "Type of venue": "Live",
            "Dress code": "None",
            "Opening hours": "5pm - 2am Friday and 9am-2am Saturday",
            "Food served": "Food piazza - Mexican, South African, Gourmet burgers, Venison & game, Vegetarian, Pizza, Crepes",
            "Nearest Bus Stop": "1 Miles in Watlington",
            "Address": "Watlington Hill Farm, Christmas Common, Watlington, OX49 5HS",
            "Website": "https://www.beaconfestival.net/",
            "Capacity": "3k",
            "Ambiance": "High summer with music and art",
            "Clientele": "Any one, family orientated",
            "Drinks served": "Beer, cider and cocktail marquees. Milkshake bus. VW coffee shop.",
            "Parking": "Field parking",
            "Nearest Train Station": "Thame"
        }
    },
    {
        "Fest name": "One Out Festival",
        "Fest date": "Saturday 19th June 2021",
        "Contacts data": {
            "Name": "Apps Court Farm Hurst Road Walton On Thames KT12",
            "Phone": "01932 244 822",
            "Venue short url": "https://www.skiddle.com/venues/83698/",
            "Type of venue": "Outdoors",
            "Parking": "Large availability",
            "Address": "Apps Court Farm, Hurst Road, Walton-on-Thames, KT12 2EG",
            "Website": "http://www.appscourtfarm.com",
            "Capacity": "50,000",
            "Opening hours": "9am-5pm",
            "Nearest Train Station": "Hampton Court Station or Walton on thames"
        }
    },
    {
        "Fest name": "The Gathering Fest festival",
        "Fest date": "Saturday 19th June 2021",
        "Contacts data": {
            "Name": "Meridian Showground",
            "Address": "Kings Road, Cleethorpes, North East Lincolnsh, DN35 0AR",
            "Phone": "",
            "Venue short url": "https://www.skiddle.com/venues/95424/",
            "Type of venue": "Nightclub"
        }
    },
    {
        "Fest name": "Innovation In The Sun festival",
        "Fest date": "Tuesday 22nd - Monday 28th June 2021",
        "Contacts data": {
            "Name": "Benidorm",
            "Address": "Benidorm, Various Venues, Benidorm",
            "Phone": "n a",
            "Venue short url": "https://www.skiddle.com/venues/22888/",
            "Type of venue": "Outdoors"
        }
    },
    {
        "Fest name": "Faversham Beer Festival",
        "Fest date": "Friday 23rd - Sunday 25th July 2021",
        "Contacts data": {
            "Name": "Faversham Football Club",
            "Address": "Salters Lane, Faversham, ME13 8YD",
            "Phone": "01795591900",
            "Venue short url": "https://www.skiddle.com/venues/47242/",
            "Type of venue": "Sports"
        }
    },
    {
        "Fest name": "Restricted Forest festival",
        "Fest date": "Saturday 26th June 2021",
        "Contacts data": {
            "Name": "Witton Country Park",
            "Phone": "01254 666976",
            "Capacity": "n/a",
            "Type of venue": "Outdoors",
            "Dress code": "None",
            "Drinks served": "At the Pavilion Cafe",
            "Disabled facilities": "Many areas have either level access or are accessible via the use of ramps and hand rails. For disabled park users who wish to park at the visitor centre there is a barrier in place at the car park that is opened with a RADAR key.",
            "Nearest Bus Stop": "Preston Old Road",
            "Address": "Preston Old Road, Blackburn, BB2 2TP",
            "Venue short url": "https://www.skiddle.com/venues/56037/",
            "Music Policy": "n/a except at some specific events.",
            "Ambiance": "Parklife",
            "Clientele": "All ages; families, athletes, walkers, people attending events.",
            "Food served": "At the Pavilion Cafe",
            "Parking": "Free car parking available at each entrance.",
            "Nearest Train Station": "Mill Hill"
        }
    },
    {
        "Fest name": "Let's Rock Leeds! festival",
        "Fest date": "Saturday 26th June 2021",
        "Contacts data": {
            "Name": "Temple Newsam",
            "Phone": "0113 336 7560",
            "Venue short url": "https://www.skiddle.com/venues/11285/",
            "Music Policy": "Techno",
            "Ambiance": "Peaceful until Cocoon in The Park rolls in and brings a slice of Ibiza",
            "Clientele": "Techno enthusiasts",
            "Drinks served": "Beer, Cider, Wine, Spirits",
            "Parking": "House car park ï¿œ3.70 all day. Various free car parks.",
            "Nearest Train Station": "Leeds Train Station",
            "Address": "Temple Newsam Park, Leeds, LS15 0AD",
            "Website": "http://www.leeds.gov.uk/museumsandgalleries/Pages/Temple-Newsam.aspx",
            "Capacity": "Around 10,000 for events",
            "Type of venue": "Outdoors",
            "Dress code": "Anything",
            "Opening hours": "11am - 11pm",
            "Food served": "No",
            "Nearest Bus Stop": "Bus 63A on sudays drops directly outside the house. Mon - Sat buses 18 and 18A will drop about a fifteen minute walk along Temple Newsam Road."
        }
    },
    {
        "Fest name": "Party At The Park festival",
        "Fest date": "Saturday 26th - Sunday 27th June 2021",
        "Contacts data": {
            "Name": "South Inch",
            "Address": "South Inch, Shore Road, Perth, PH2 8BW",
            "Phone": "",
            "Venue short url": "https://www.skiddle.com/venues/79036/",
            "Type of venue": "Outdoors"
        }
    },
    {
        "Fest name": "Lytham Festival",
        "Fest date": "Wednesday 30th June - Sunday 4th July 2021",
        "Contacts data": {
            "Name": "Lytham Green",
            "Address": "Clifton Drive, Lytham St. Annes, Lancashire, FY8 5LB",
            "Phone": "",
            "Venue short url": "https://www.skiddle.com/venues/57998/",
            "Type of venue": "Outdoors"
        }
    },
    {
        "Fest name": "UK Tech-Fest festival",
        "Fest date": "Thursday 1st - Sunday 4th July 2021",
        "Contacts data": {
            "Name": "County Showground",
            "Address": "The Showground, Newark, NG24 2NY",
            "Phone": "01159 390595",
            "Venue short url": "https://www.skiddle.com/venues/4547/",
            "Type of venue": "Outdoors"
        }
    },
    {
        "Fest name": "El Dorado Festival",
        "Fest date": "Thursday 1st - Sunday 4th July 2021",
        "Contacts data": {
            "Name": "Eastnor Castle Deer Park",
            "Address": "Eastnor Castle, Ledbury, HR8 1RL",
            "Phone": "01625 560 00",
            "Venue short url": "https://www.skiddle.com/venues/1749/",
            "Type of venue": "Outdoors"
        }
    },
    {
        "Fest name": "Wireless festival",
        "Fest date": "Friday 2nd - Sunday 4th July 2021",
        "Contacts data": {
            "Name": "Finsbury Park",
            "Phone": "02088029139",
            "Capacity": "10000",
            "Address": "Finsbury Park, London, N4 2DE",
            "Venue short url": "https://www.skiddle.com/venues/914/",
            "Type of venue": "Outdoors"
        }
    },
    {
        "Fest name": "Linton Festival",
        "Fest date": "Friday 2nd - Sunday 4th July 2021",
        "Contacts data": {
            "Name": "Linton Music Festival",
            "Phone": "07765032728",
            "Capacity": "1000",
            "Type of venue": "Outdoors",
            "Dress code": "Anything",
            "Opening hours": "Fri 6",
            "Food served": "Burger and pig roast plus other food stalls.",
            "Parking": "3 large car parks a short stroll away from the venue",
            "Nearest Train Station": "Gloucester is approx 14 miles away",
            "Address": "Alma Inn, Linton, Ross-on-Wye, HR9 7RY",
            "Venue short url": "https://www.skiddle.com/venues/2716/",
            "Music Policy": "Blues, acoustic and rock",
            "Ambiance": "Community festival",
            "Clientele": "Big mix of people from any age group and walk of life",
            "Drinks served": "Wide selction of beers, ales, wines and spirits. Soft drinks also served",
            "Disabled facilities": "Disabled parking and access",
            "Nearest Bus Stop": "Approx 1 mile away"
        }
    },
    {
        "Fest name": "Kelburn Garden Party festival",
        "Fest date": "Friday 2nd - Monday 5th July 2021",
        "Contacts data": {
            "Name": "Kelburn Country Centre",
            "Phone": "01475 568 685",
            "Capacity": "6000",
            "Address": "Kelburn Estate, Fairlie, Largs, KA29 0BE",
            "Venue short url": "https://www.skiddle.com/venues/98801/",
            "Type of venue": "Outdoors"
        }
    },
    {
        "Fest name": "Love Supreme Jazz Festival",
        "Fest date": "Friday 2nd - Sunday 4th July 2021",
        "Contacts data": {
            "Name": "Glynde Place",
            "Phone": "01273 858224",
            "Venue short url": "https://www.skiddle.com/venues/60406/",
            "Address": "Glynde, Lewes, Lewes, BN8 6SX",
            "Website": "http://www.glyndeplace.co.uk/",
            "Type of venue": "other"
        }
    },
    {
        "Fest name": "90s Playtime festival",
        "Fest date": "Saturday 3rd July 2021",
        "Contacts data": {
            "Name": "Garon Park",
            "Phone": "07968 779950",
            "Venue short url": "https://www.skiddle.com/venues/44340/",
            "Music Policy": "All kinds",
            "Ambiance": "Yes",
            "Clientele": "All ages",
            "Drinks served": "Yes",
            "Disabled facilities": "Yes",
            "Nearest Bus Stop": "Cluny square",
            "Address": "Eastern Avenue, Southend-on-Sea, SS2 4FA, Southend-On-Sea, SS2 4FA",
            "Website": "https://www.facebook.com/intheparkconcerts/?ref=settings",
            "Capacity": "10,000",
            "Type of venue": "Outdoors",
            "Dress code": "none",
            "Opening hours": "11am till 11.30pm",
            "Food served": "Yes",
            "Parking": "2 large free car parks",
            "Nearest Train Station": "Prittlewell"
        }
    },
    {
        "Fest name": "Hi-Tide Festival",
        "Fest date": "Saturday 3rd - Sunday 4th July 2021",
        "Contacts data": {
            "Name": "Dreamland",
            "Phone": "01843295887",
            "Venue short url": "https://www.skiddle.com/venues/70492/",
            "Nearest Train Station": "Margate",
            "Address": "49-51 Marine Terrace,, Margate, Kent, CT9 1XJ",
            "Website": "https://www.dreamland.co.uk/",
            "Type of venue": "Live"
        }
    },
    {
        "Fest name": "Retro In The Park festival",
        "Fest date": "Saturday 3rd July 2021",
        "Contacts data": {
            "Name": "Towneley Park Burnley BB11",
            "Phone": "",
            "Capacity": "2,000",
            "Address": "Towneley park, Burnley, BB11 3RQ",
            "Venue short url": "https://www.skiddle.com/venues/72852/",
            "Type of venue": "Outdoors"
        }
    },
    {
        "Fest name": "Scottish Electronic Music Conference festival",
        "Fest date": "Saturday 3rd - Sunday 4th July 2021",
        "Contacts data": {
            "Name": "Edinburgh Corn Exchange",
            "Address": "11 Newmarket Road, Edinburgh, EH14 1RJ",
            "Phone": "08442492625",
            "Venue short url": "https://www.skiddle.com/venues/11130/",
            "Type of venue": "Live"
        }
    },
    {
        "Fest name": "Platform 18 Street Festival",
        "Fest date": "Saturday 3rd - Sunday 4th July 2021",
        "Contacts data": {
            "Name": "West Street",
            "Phone": "",
            "Capacity": "1500",
            "Address": "West Street , Glasgow, G5 8NB",
            "Venue short url": "https://www.skiddle.com/venues/100915/",
            "Type of venue": "Outdoors"
        }
    },
    {
        "Fest name": "Made in Leeds Festival",
        "Fest date": "Saturday 3rd July 2021",
        "Contacts data": {
            "Name": "South Leeds Stadium",
            "Address": "Middleton Grove  , Leeds , LS11 5DJ",
            "Phone": "0113 395 0000",
            "Venue short url": "https://www.skiddle.com/venues/28696/",
            "Type of venue": "Sports"
        }
    },
    {
        "Fest name": "60's In The Sun Festival",
        "Fest date": "Sunday 4th July 2021",
        "Contacts data": {
            "Name": "Garon Park",
            "Phone": "07968 779950",
            "Venue short url": "https://www.skiddle.com/venues/44340/",
            "Music Policy": "All kinds",
            "Ambiance": "Yes",
            "Clientele": "All ages",
            "Drinks served": "Yes",
            "Disabled facilities": "Yes",
            "Nearest Bus Stop": "Cluny square",
            "Address": "Eastern Avenue, Southend-on-Sea, SS2 4FA, Southend-On-Sea, SS2 4FA",
            "Website": "https://www.facebook.com/intheparkconcerts/?ref=settings",
            "Capacity": "10,000",
            "Type of venue": "Outdoors",
            "Dress code": "none",
            "Opening hours": "11am till 11.30pm",
            "Food served": "Yes",
            "Parking": "2 large free car parks",
            "Nearest Train Station": "Prittlewell"
        }
    },
    {
        "Fest name": "Kew the Music festival",
        "Fest date": "Wednesday 7th - Sunday 11th July 2021",
        "Contacts data": {
            "Name": "Royal Botanic Gardens Kew",
            "Address": "Kew Green, Richmond, TW9 3AB",
            "Phone": "",
            "Venue short url": "https://www.skiddle.com/venues/68142/",
            "Type of venue": "Outdoors"
        }
    },
    {
        "Fest name": "Rock The Castle festival",
        "Fest date": "Friday 9th - Sunday 11th July 2021",
        "Contacts data": {
            "Name": "Flint Castle",
            "Address": "Castle Dyke Street, Flint, CH6, Flint, CH6 5NG",
            "Phone": "",
            "Venue short url": "https://www.skiddle.com/venues/69103/",
            "Type of venue": "Outdoors"
        }
    },
    {
        "Fest name": "Burton Agnes Jazz Festival",
        "Fest date": "Friday 9th - Sunday 11th July 2021",
        "Contacts data": {
            "Name": "Burton Agnes Hall",
            "Address": "Burton Agnes, East Yorkshire, Driffield, YO25 4NB",
            "Phone": "01482342297",
            "Venue short url": "https://www.skiddle.com/venues/12499/",
            "Type of venue": "Outdoors"
        }
    },
    {
        "Fest name": "TRNSMT Festival",
        "Fest date": "Friday 9th - Sunday 11th July 2021",
        "Contacts data": {
            "Name": "Glasgow Green",
            "Address": "Glasgow Green, Glasgow, G1 5DB",
            "Phone": "0844 736 5222",
            "Venue short url": "https://www.skiddle.com/venues/12062/",
            "Type of venue": "Outdoors"
        }
    },
    {
        "Fest name": "B-Fest Wales festival",
        "Fest date": "Friday 9th - Saturday 10th July 2021",
        "Contacts data": {
            "Name": "Ty Ucha Farm",
            "Phone": "07766833981",
            "Venue short url": "https://www.skiddle.com/venues/100452/",
            "Type of venue": "Outdoors",
            "Address": "Ty Ucha Farm, Pen Y Cefn, Caerwys, Mold, CH7 5BQ",
            "Website": "http://bfestwales.co.uk",
            "Capacity": "2000"
        }
    },
    {
        "Fest name": "Field Day  festival",
        "Fest date": "Saturday 10th July 2021",
        "Contacts data": {
            "Name": "The Drumsheds",
            "Address": "Meridian Water, Argon Road, London, N18 3BW",
            "Phone": "",
            "Venue short url": "https://www.skiddle.com/venues/98443/",
            "Type of venue": "Nightclub"
        }
    },
    {
        "Fest name": "Depot In The Castle  festival",
        "Fest date": "Saturday 10th July 2021",
        "Contacts data": {
            "Name": "Cardiff Castle",
            "Phone": "02920 878 100",
            "Venue short url": "https://www.skiddle.com/venues/63044/",
            "Type of venue": "Other",
            "Address": "Castle Street, Cardiff, CF10 3RB",
            "Website": "https://www.cardiffcastle.com/",
            "Capacity": "3,000",
            "Opening hours": "9am-6pm"
        }
    },
    {
        "Fest name": "Party At The Park festival",
        "Fest date": "Sunday 11th July 2021",
        "Contacts data": {
            "Name": "Tredegar Park",
            "Address": "NEWPORT Newport Tredegar Park NP20 3AR, Newport, NP20 3AR",
            "Phone": "",
            "Venue short url": "https://www.skiddle.com/venues/78025/",
            "Type of venue": "Outdoors"
        }
    },
    {
        "Fest name": "Newsam Park festival",
        "Fest date": "Saturday 10th July 2021",
        "Contacts data": {
            "Name": "Temple Newsam",
            "Phone": "0113 336 7560",
            "Venue short url": "https://www.skiddle.com/venues/11285/",
            "Music Policy": "Techno",
            "Ambiance": "Peaceful until Cocoon in The Park rolls in and brings a slice of Ibiza",
            "Clientele": "Techno enthusiasts",
            "Drinks served": "Beer, Cider, Wine, Spirits",
            "Parking": "House car park ï¿œ3.70 all day. Various free car parks.",
            "Nearest Train Station": "Leeds Train Station",
            "Address": "Temple Newsam Park, Leeds, LS15 0AD",
            "Website": "http://www.leeds.gov.uk/museumsandgalleries/Pages/Temple-Newsam.aspx",
            "Capacity": "Around 10,000 for events",
            "Type of venue": "Outdoors",
            "Dress code": "Anything",
            "Opening hours": "11am - 11pm",
            "Food served": "No",
            "Nearest Bus Stop": "Bus 63A on sudays drops directly outside the house. Mon - Sat buses 18 and 18A will drop about a fifteen minute walk along Temple Newsam Road."
        }
    },
    {
        "Fest name": "Beat-Herder Festival",
        "Fest date": "Thursday 15th - Sunday 18th July 2021",
        "Contacts data": {
            "Name": "The Ribble Valley",
            "Address": "The Ribble Valley, Lovely Lancashire, BB7 4LH",
            "Phone": "01535 611100",
            "Venue short url": "https://www.skiddle.com/venues/5144/",
            "Type of venue": "Outdoors"
        }
    },
    {
        "Fest name": "Innervisions Festival",
        "Fest date": "Saturday 17th July 2021",
        "Contacts data": {
            "Name": "Magazine London",
            "Address": "11 Ordnance Crescent, Greenwich, SE10 0QE",
            "Phone": "020 3892 4181",
            "Venue short url": "https://www.skiddle.com/venues/97932/",
            "Type of venue": "Nightclub"
        }
    },
    {
        "Fest name": "Tropicana Nights Festival 2021",
        "Fest date": "Saturday 17th July 2021",
        "Contacts data": {
            "Name": "Garon Park",
            "Phone": "07968 779950",
            "Venue short url": "https://www.skiddle.com/venues/44340/",
            "Music Policy": "All kinds",
            "Ambiance": "Yes",
            "Clientele": "All ages",
            "Drinks served": "Yes",
            "Disabled facilities": "Yes",
            "Nearest Bus Stop": "Cluny square",
            "Address": "Eastern Avenue, Southend-on-Sea, SS2 4FA, Southend-On-Sea, SS2 4FA",
            "Website": "https://www.facebook.com/intheparkconcerts/?ref=settings",
            "Capacity": "10,000",
            "Type of venue": "Outdoors",
            "Dress code": "none",
            "Opening hours": "11am till 11.30pm",
            "Food served": "Yes",
            "Parking": "2 large free car parks",
            "Nearest Train Station": "Prittlewell"
        }
    },
    {
        "Fest name": "Lambeth Country Show festival",
        "Fest date": "Saturday 17th - Sunday 18th July 2021",
        "Contacts data": {
            "Name": "Brockwell Park",
            "Address": "Brockwell Park, London, SE24 9BJ",
            "Phone": "",
            "Venue short url": "https://www.skiddle.com/venues/31832/",
            "Type of venue": "Outdoors"
        }
    },
    {
        "Fest name": "Todd in the Hole Festival",
        "Fest date": "Saturday 17th - Monday 19th July 2021",
        "Contacts data": {
            "Name": "Bury Wood",
            "Phone": "",
            "Capacity": "5000",
            "Address": "Bury Wood, Todd's Green, Stevenage, SG1 2JE",
            "Venue short url": "https://www.skiddle.com/venues/85426/",
            "Type of venue": "Outdoors"
        }
    },
    {
        "Fest name": "Bassfest  festival",
        "Fest date": "Saturday 17th - Sunday 18th July 2021",
        "Contacts data": {
            "Name": "Don Valley Bowl",
            "Address": "Coleridge Road, Sheffield, S9 5DP",
            "Phone": "",
            "Venue short url": "https://www.skiddle.com/venues/21806/",
            "Type of venue": "Outdoors"
        }
    },
    {
        "Fest name": "New World Fest festival",
        "Fest date": "Saturday 17th July 2021",
        "Contacts data": {
            "Name": "New World Fest",
            "Phone": "07725990247",
            "Capacity": "15000",
            "Address": "Land At Margaretting Road, Writtle CHELMSFORD, CM1 3PJ",
            "Venue short url": "https://www.skiddle.com/venues/100503/",
            "Type of venue": "Outdoors"
        }
    },
    {
        "Fest name": "Macclesfield Festival 2021",
        "Fest date": "Saturday 17th July 2021",
        "Contacts data": {
            "Name": "Priory Park Macclesfield",
            "Phone": "01625 827899",
            "Capacity": "5000",
            "Address": "Priory Park, Priory Lane, Macclesfield, SK10 4AF",
            "Venue short url": "https://www.skiddle.com/venues/77459/",
            "Type of venue": "Sports"
        }
    },
    {
        "Fest name": "Folk by the Oak festival",
        "Fest date": "Sunday 18th July 2021",
        "Contacts data": {
            "Name": "Hatfield House",
            "Address": "The House Office, Great North Rd, Hertfordshire, Hatfield, AL9 5NQ",
            "Phone": "020 3487 092",
            "Venue short url": "https://www.skiddle.com/venues/52028/",
            "Type of venue": "Outdoors"
        }
    },
    {
        "Fest name": "Bluedot Festival",
        "Fest date": "Thursday 22nd - Sunday 25th July 2021",
        "Contacts data": {
            "Name": "Jodrell Bank Observatory",
            "Phone": "01477 571339",
            "Venue short url": "https://www.skiddle.com/venues/6169/",
            "Type of venue": "Outdoors",
            "Dress code": "Anything",
            "Food served": "Variety food stalls",
            "Nearest Train Station": "Goostrey on the Manchester to Crewe line",
            "Address": "Jodrell Bank Observatory, Jodrell Bank, Lower Withington, Macclesfield, SK11 9DL",
            "Website": "http://www.jodrellbank.net",
            "Music Policy": "Alternative rock",
            "Ambiance": "It feels like visiting a space station",
            "Drinks served": "Bars",
            "Parking": "Yes"
        }
    },
    {
        "Fest name": "Latitude Festival",
        "Fest date": "Thursday 22nd - Sunday 25th July 2021",
        "Contacts data": {
            "Name": "Henham Park",
            "Address": "Beccles, Suffolk, Beccles, NR34 8AN",
            "Phone": "07900 553 426",
            "Venue short url": "https://www.skiddle.com/venues/8718/",
            "Type of venue": "Outdoors"
        }
    },
    {
        "Fest name": "Tramlines Festival",
        "Fest date": "Friday 23rd - Sunday 25th July 2021",
        "Contacts data": {
            "Name": "Various Sheffield Venues",
            "Address": "West Street, Sheffield, S1 4EB",
            "Phone": "07595632636",
            "Venue short url": "https://www.skiddle.com/venues/44352/",
            "Type of venue": "Nightclub"
        }
    },
    {
        "Fest name": "ButeFest festival",
        "Fest date": "Friday 23rd - Sunday 25th July 2021",
        "Contacts data": {
            "Name": "Isle Of Bute",
            "Phone": "",
            "Venue short url": "https://www.skiddle.com/venues/80447/",
            "Type of venue": "Live",
            "Address": "Rothesay, Isle Of Bute, PA20 0QT",
            "Website": "http://www.butefest.co.uk",
            "Capacity": "5000"
        }
    },
    {
        "Fest name": "PennFest festival",
        "Fest date": "Friday 23rd - Sunday 25th July 2021",
        "Contacts data": {
            "Name": "The Big Park",
            "Address": "Horsemoor Lane, Penn Street, Amersham, Buckinghamshire, Penn, HP7 0PL",
            "Phone": "",
            "Venue short url": "https://www.skiddle.com/venues/76914/",
            "Type of venue": "Outdoors"
        }
    },
    {
        "Fest name": "Splendour Festival",
        "Fest date": "Saturday 24th July 2021",
        "Contacts data": {
            "Name": "Wollaton Park",
            "Address": "Wollaton Hall, Nottingham, NG8 2AE",
            "Phone": "0",
            "Venue short url": "https://www.skiddle.com/venues/25848/",
            "Type of venue": "Outdoors"
        }
    },
    {
        "Fest name": "On The Beach festival",
        "Fest date": "Saturday 24th July 2021",
        "Contacts data": {
            "Name": "Brighton Beach",
            "Phone": "",
            "Capacity": "10000",
            "Address": "Madeira Drive, Brighton, BN2 1TW",
            "Venue short url": "https://www.skiddle.com/venues/71137/",
            "Type of venue": "Outdoors"
        }
    },
    {
        "Fest name": "Kisstory Festival",
        "Fest date": "Saturday 24th - Sunday 25th July 2021",
        "Contacts data": {
            "Name": "Crystal Palace Park",
            "Phone": "02087787148",
            "Capacity": "500",
            "Address": "Thicket Road, London, SE20 8DT",
            "Venue short url": "https://www.skiddle.com/venues/22048/",
            "Type of venue": "Nightclub"
        }
    },
    {
        "Fest name": "Kendal Calling  festival",
        "Fest date": "Thursday 29th July - Sunday 1st August 2021",
        "Contacts data": {
            "Name": "Lowther Deer Park",
            "Phone": "",
            "Type of venue": "Outdoors",
            "Address": "Lowther Deer Park, Hackthorpe (nr Penrith),, Cumbria, CA10 2DY",
            "Venue short url": "https://www.skiddle.com/venues/38114/",
            "Nearest Train Station": "Penrith (also known as Penrith North Lakes)"
        }
    },
    {
        "Fest name": "Belladrum Tartan Heart Festival",
        "Fest date": "Thursday 29th July - Sunday 1st August 2021",
        "Contacts data": {
            "Name": "Belladrum Estate",
            "Phone": "",
            "Venue short url": "https://www.skiddle.com/venues/16427/",
            "Type of venue": "Outdoors",
            "Address": "By Beauly, Inverness-shire, Inverness, IV4 7BA",
            "Website": "http://www.tartanheartfestival.co.uk/",
            "Capacity": "25000+"
        }
    },
    {
        "Fest name": "Outlook Origins festival",
        "Fest date": "Thursday 29th July - Monday 2nd August 2021",
        "Contacts data": {
            "Name": "Tisno",
            "Address": "Croatia, Tisno, BN1 3TT",
            "Phone": "",
            "Venue short url": "https://www.skiddle.com/venues/88259/",
            "Type of venue": "Nightclub"
        }
    },
    {
        "Fest name": "Y Not Festival",
        "Fest date": "Thursday 29th July - Monday 2nd August 2021",
        "Contacts data": {
            "Name": "Y Not Festival",
            "Address": "Mouldridge Lane , Pikehall Matlock, DE4 2PH",
            "Phone": "n a",
            "Venue short url": "https://www.skiddle.com/venues/13235/",
            "Type of venue": "Outdoors"
        }
    },
    {
        "Fest name": "Farmfest festival",
        "Fest date": "Friday 30th - Saturday 31st July 2021",
        "Contacts data": {
            "Name": "Bruton Somerset UK",
            "Address": "Bruton, Somerset, AB10 uty",
            "Phone": "N/A",
            "Venue short url": "https://www.skiddle.com/venues/55472/",
            "Type of venue": "Outdoors"
        }
    },
    {
        "Fest name": "Radar Festival",
        "Fest date": "Friday 30th - Saturday 31st July 2021",
        "Contacts data": {
            "Name": "Casino",
            "Address": "Onslow Street, Guildford, GU1 4SQ",
            "Phone": "01483440900",
            "Venue short url": "https://www.skiddle.com/venues/14843/",
            "Type of venue": "Nightclub"
        }
    },
    {
        "Fest name": "Summer Sound festival",
        "Fest date": "Friday 30th - Saturday 31st July 2021",
        "Contacts data": {
            "Name": "Gisborough Priory",
            "Phone": "07855 494494",
            "Venue short url": "https://www.skiddle.com/venues/53824/",
            "Music Policy": "Rock, Pop and Disco",
            "Dress code": "No dress code. Fancy Dress optional.",
            "Opening hours": "2pm till 11pm",
            "Food served": "Yes. Outdoor food village plus option to bring your own picnic.",
            "Parking": "Parking locally and at nearby college.",
            "Address": "Church Street, Guisborough, TS14 6HG",
            "Website": "https://www.english-heritage.org.uk/visit/places/gisborough-priory",
            "Capacity": "2500",
            "Type of venue": "Outdoors",
            "Clientele": "Over 16's",
            "Drinks served": "Yes. Licenced bar plus option to bring your own drink.",
            "Disabled facilities": "Access restricted in some areas due to uneven ground."
        }
    },
    {
        "Fest name": "Playground Festival",
        "Fest date": "Friday 30th July - Sunday 1st August 2021",
        "Contacts data": {
            "Name": "Rouken Glen Park",
            "Phone": "",
            "Venue short url": "https://www.skiddle.com/venues/93734/",
            "Type of venue": "Outdoors",
            "Dress code": "Casual",
            "Opening hours": "14",
            "Food served": "Yes",
            "Parking": "Local",
            "Nearest Train Station": "5 mins",
            "Address": "Rouken Glen Road, Giffnock,, Glasgow, G46 7UG",
            "Website": "http://www.playgroundfestival.co.uk",
            "Music Policy": "Eclectic mix of dance, disco, indie and pop",
            "Ambiance": "Family friendly",
            "Clientele": "Family friendly",
            "Drinks served": "Yes",
            "Disabled facilities": "Compatible",
            "Nearest Bus Stop": "2 mins"
        }
    },
    {
        "Fest name": "Big Family Festival",
        "Fest date": "Friday 30th July - Sunday 1st August 2021",
        "Contacts data": {
            "Name": "To Be Announced",
            "Phone": "",
            "Capacity": "4500",
            "Address": "Kingsbury, Curdworth, Kingsbury, B76 0BA",
            "Venue short url": "https://www.skiddle.com/venues/65084/",
            "Type of venue": "Outdoors"
        }
    },
    {
        "Fest name": "Coloursfest festival",
        "Fest date": "Saturday 31st July 2021",
        "Contacts data": {
            "Name": "Braehead Arena",
            "Address": "Kings Inch Road, Glasgow, G51 4BS",
            "Phone": "0141 885 4611",
            "Venue short url": "https://www.skiddle.com/venues/1753/",
            "Type of venue": "Live"
        }
    },
    {
        "Fest name": "MADE Festival",
        "Fest date": "Saturday 31st July 2021",
        "Contacts data": {
            "Name": "Sandwell Valley Country Park",
            "Address": "Sandwell Valley Country Park, Sandwell Valley Country Park, Sandwell, B71 4BG, Sandwell, B71 4BG",
            "Phone": "",
            "Venue short url": "https://www.skiddle.com/venues/93944/",
            "Type of venue": "Outdoors"
        }
    },
    {
        "Fest name": "Let's Rock Liverpool! festival",
        "Fest date": "Saturday 31st July 2021",
        "Contacts data": {
            "Name": "Wavertree Playing Fields (Mystery)",
            "Address": "Liverpool, Liverpool, L15 4LE",
            "Phone": "",
            "Venue short url": "https://www.skiddle.com/venues/102776/",
            "Type of venue": "Outdoors"
        }
    },
    {
        "Fest name": "Weekend In The Park with McFly + Special Guests festival",
        "Fest date": "Saturday 31st July 2021",
        "Contacts data": {
            "Name": "Garon Park",
            "Phone": "07968 779950",
            "Venue short url": "https://www.skiddle.com/venues/44340/",
            "Music Policy": "All kinds",
            "Ambiance": "Yes",
            "Clientele": "All ages",
            "Drinks served": "Yes",
            "Disabled facilities": "Yes",
            "Nearest Bus Stop": "Cluny square",
            "Address": "Eastern Avenue, Southend-on-Sea, SS2 4FA, Southend-On-Sea, SS2 4FA",
            "Website": "https://www.facebook.com/intheparkconcerts/?ref=settings",
            "Capacity": "10,000",
            "Type of venue": "Outdoors",
            "Dress code": "none",
            "Opening hours": "11am till 11.30pm",
            "Food served": "Yes",
            "Parking": "2 large free car parks",
            "Nearest Train Station": "Prittlewell"
        }
    },
    {
        "Fest name": "The Popworld Festival",
        "Fest date": "Saturday 31st July 2021",
        "Contacts data": {
            "Name": "Millennium Square",
            "Phone": "0113 378 6988",
            "Venue short url": "https://www.skiddle.com/venues/49918/",
            "Disabled facilities": "Accessible viewing area, High Dependency Unit/Changing Places Toilet",
            "Address": "Millennium Square, Calverley Street , Leeds, LS1 1UR",
            "Website": "http://www.millsqleeds.com",
            "Type of venue": "Outdoors",
            "Nearest Train Station": "Leeds Train Station"
        }
    },
    {
        "Fest name": "Proms in the Priory festival",
        "Fest date": "Sunday 1st August 2021",
        "Contacts data": {
            "Name": "Gisborough Priory",
            "Phone": "07855 494494",
            "Venue short url": "https://www.skiddle.com/venues/53824/",
            "Music Policy": "Rock, Pop and Disco",
            "Dress code": "No dress code. Fancy Dress optional.",
            "Opening hours": "2pm till 11pm",
            "Food served": "Yes. Outdoor food village plus option to bring your own picnic.",
            "Parking": "Parking locally and at nearby college.",
            "Address": "Church Street, Guisborough, TS14 6HG",
            "Website": "https://www.english-heritage.org.uk/visit/places/gisborough-priory",
            "Capacity": "2500",
            "Type of venue": "Outdoors",
            "Clientele": "Over 16's",
            "Drinks served": "Yes. Licenced bar plus option to bring your own drink.",
            "Disabled facilities": "Access restricted in some areas due to uneven ground."
        }
    },
    {
        "Fest name": "Clubland On The Beach festival",
        "Fest date": "Friday 6th August 2021",
        "Contacts data": {
            "Name": "Majuba Beach",
            "Phone": "07826526582",
            "Type of venue": "Outdoors",
            "Opening hours": "1pm - 11pm",
            "Address": "Majuba Beach , Redcar, TS10 5BJ",
            "Venue short url": "https://www.skiddle.com/venues/41926/",
            "Dress code": "Just about anything goes, itâs a beach!"
        }
    },
    {
        "Fest name": "Southern Sunset Festival",
        "Fest date": "Saturday 7th August 2021",
        "Contacts data": {
            "Name": "The Oval",
            "Phone": "",
            "Capacity": "5000",
            "Type of venue": "Outdoors",
            "Clientele": "All Welcome",
            "Drinks served": "All",
            "Disabled facilities": "Yes",
            "Nearest Train Station": "Hastings - 5 Minutes Walk. St Leonards - 5 Mins Walk",
            "Address": "Bohemia Road, Hastings, TN34 1EU",
            "Venue short url": "https://www.skiddle.com/venues/83390/",
            "Music Policy": "Music",
            "Dress code": "None",
            "Opening hours": "12",
            "Food served": "Varied",
            "Parking": "Plenty"
        }
    },
    {
        "Fest name": "Party at the Palace festival",
        "Fest date": "Saturday 7th - Sunday 8th August 2021",
        "Contacts data": {
            "Name": "Lochside Field Linlithgow",
            "Phone": "",
            "Capacity": "9000",
            "Type of venue": "Outdoors",
            "Dress code": "Casual / Festival",
            "Opening hours": "12.00",
            "Food served": "Various Food Outlets",
            "Parking": "Next to the event site",
            "Nearest Train Station": "Linlithgow",
            "Address": "A803, Linlithgow, EH49 7LP",
            "Venue short url": "https://www.skiddle.com/venues/70098/",
            "Music Policy": "Pop, Rock, Festival",
            "Ambiance": "On Site",
            "Clientele": "Family / Festival Goer",
            "Drinks served": "Fully Licensed Bars",
            "Disabled facilities": "Flight gradient in the field - Disabled toilets available",
            "Nearest Bus Stop": "Linlithgow High Street"
        }
    },
    {
        "Fest name": "51st State Festival",
        "Fest date": "Saturday 7th August 2021",
        "Contacts data": {
            "Name": "Trent Country Park",
            "Phone": "",
            "Venue short url": "https://www.skiddle.com/venues/71584/",
            "Address": "Bramley Road, London, N14 4UW",
            "Website": "https://www.countryclubtrentpark.co.uk/",
            "Type of venue": "Outdoors"
        }
    },
    {
        "Fest name": "Bloodstock Open Air festival",
        "Fest date": "Wednesday 11th - Sunday 15th August 2021",
        "Contacts data": {
            "Name": "Catton Park",
            "Address": "Catton Park, Walton Upon Trent, DE12 8LN",
            "Phone": "01283 716311",
            "Venue short url": "https://www.skiddle.com/venues/24152/",
            "Type of venue": "Outdoors"
        }
    },
    {
        "Fest name": "BoomTown Fair festival",
        "Fest date": "Wednesday 11th - Sunday 15th August 2021",
        "Contacts data": {
            "Name": "Matterley Estate",
            "Address": "Ovington Down, Hampshire, SO24 OHY",
            "Phone": "N A",
            "Venue short url": "https://www.skiddle.com/venues/32880/",
            "Type of venue": "Outdoors"
        }
    },
    {
        "Fest name": "Houghton Festival",
        "Fest date": "Thursday 12th - Sunday 15th August 2021",
        "Contacts data": {
            "Name": "Houghton Hall",
            "Address": "King's Lynn, , Norfolk , PE31 6UE",
            "Phone": "01485 528 569",
            "Venue short url": "https://www.skiddle.com/venues/23638/",
            "Type of venue": "Outdoors"
        }
    },
    {
        "Fest name": "The Big Barn Rally festival",
        "Fest date": "Friday 13th - Saturday 14th August 2021",
        "Contacts data": {
            "Name": "Whitebottom Farm",
            "Address": "Etherow Country Park, Compstall, Stockport, SK6 5HZ",
            "Phone": "",
            "Venue short url": "https://www.skiddle.com/venues/58626/",
            "Type of venue": "Outdoors"
        }
    },
    {
        "Fest name": "ArcTanGent  festival",
        "Fest date": "Thursday 19th - Saturday 21st August 2021",
        "Contacts data": {
            "Name": "Fernhill Farm",
            "Address": "Fernhill Farm, Cheddar Road, Compton Martin, Bristol, BS40 6LD",
            "Phone": "",
            "Venue short url": "https://www.skiddle.com/venues/101144/",
            "Type of venue": "Live"
        }
    },
    {
        "Fest name": "Weyfest festival",
        "Fest date": "Friday 20th - Sunday 22nd August 2021",
        "Contacts data": {
            "Name": "Rural Life Centre Tilford Surrey",
            "Phone": "01252 795571",
            "Venue short url": "https://www.skiddle.com/venues/16576/",
            "Address": "Reeds Road, Tilford, Farnham, GU10 2DL",
            "Website": "http://rural-life.org.uk/",
            "Type of venue": "Outdoors"
        }
    },
    {
        "Fest name": "A New Day Festival",
        "Fest date": "Friday 20th - Sunday 22nd August 2021",
        "Contacts data": {
            "Name": "Mount Ephraim Gardens",
            "Phone": "",
            "Capacity": "4000",
            "Opening hours": "11am to 11pm",
            "Address": "Mount Ephraim Gardens, Staple Street, Hernhill, Faversham, ME13 9TX",
            "Venue short url": "https://www.skiddle.com/venues/64966/",
            "Type of venue": "Outdoors"
        }
    },
    {
        "Fest name": "Rockore festival",
        "Fest date": "Saturday 21st August 2021",
        "Contacts data": {
            "Name": "Lochore Meadows Country Park",
            "Phone": "",
            "Capacity": "3000",
            "Opening hours": "12  pm to 10.30 pm",
            "Food served": "Various vendors",
            "Nearest Bus Stop": "Park entrance - No 19 bus service",
            "Address": "Crosshill, Lochgelly, KY5 8BA",
            "Venue short url": "https://www.skiddle.com/venues/78713/",
            "Type of venue": "Outdoors",
            "Drinks served": "Licensed Bar",
            "Parking": "Free parking on site",
            "Nearest Train Station": "Lochgelly (1.5 miles away)"
        }
    },
    {
        "Fest name": "The Great Northern SKA Festival",
        "Fest date": "Saturday 21st August 2021",
        "Contacts data": {
            "Name": "Bowlers Exhibition Centre",
            "Phone": "01618760007",
            "Venue short url": "https://www.skiddle.com/venues/30902/",
            "Type of venue": "Nightclub",
            "Parking": "800 Free car parking spaces. There is Accessible Parking near the Bowlers Exhibition Centre and limited dedicated accessible parking spaces are available in the venue car park area itself.",
            "Address": "Longbridge Road, Stretford, Manchester, M17 1EH",
            "Website": "http://www.bowlersexhibitioncentre.co.uk/",
            "Capacity": "300 up to 4,500",
            "Disabled facilities": "Mostly disabled friendly with full access to most areas of the event. There are disabled toilet facilities inside the public toilet areas, and ramps throughout the ground floor and outside.",
            "Nearest Bus Stop": "Park Way bus stop (MANJPJPG)"
        }
    },
    {
        "Fest name": "Creamfields 2021 festival",
        "Fest date": "Thursday 26th - Sunday 29th August 2021",
        "Contacts data": {
            "Name": "Creamfields",
            "Phone": "20, 000",
            "Capacity": "70000",
            "Type of venue": "Live",
            "Opening hours": "7.00am",
            "Food served": "Yes",
            "Address": "Daresbury, Warrington, Cheshire, WA4 4AG",
            "Venue short url": "https://www.skiddle.com/venues/55796/",
            "Music Policy": "Dance music - EDM / Techno / Trance  / Hard Dance / House / Drum & Bass",
            "Dress code": "casual",
            "Drinks served": "Yes"
        }
    },
    {
        "Fest name": "Leeds Festival Tickets",
        "Fest date": "Thursday 26th - Sunday 29th August 2021",
        "Contacts data": {
            "Name": "Bramham Park",
            "Phone": "01937846000",
            "Venue short url": "https://www.skiddle.com/venues/11786/",
            "Opening hours": "Mon-Fri - 10am til 4pm // Sat/Sun - Closed",
            "Address": "Bramham Park, Wetherby, LS23 6ND",
            "Website": "http://www.bramhampark.co.uk",
            "Type of venue": "Outdoors",
            "Nearest Bus Stop": "770"
        }
    },
    {
        "Fest name": "Victorious Festival",
        "Fest date": "Friday 27th - Sunday 29th August 2021",
        "Contacts data": {
            "Name": "Southsea Seafront",
            "Address": "Speaker's Corner, Clarence Esplanade, Southsea, PO5 3PG",
            "Phone": "02392 834067",
            "Venue short url": "https://www.skiddle.com/venues/49422/",
            "Type of venue": "Outdoors"
        }
    },
    {
        "Fest name": "Alfresco festival",
        "Fest date": "Friday 27th - Sunday 29th August 2021",
        "Contacts data": {
            "Name": "Colebrook Park",
            "Phone": "07909 522141",
            "Venue short url": "https://www.skiddle.com/venues/81485/",
            "Music Policy": "Live Music",
            "Dress code": "Casual",
            "Opening hours": "12",
            "Food served": "Online Catering",
            "Parking": "Off Road FREE",
            "Nearest Train Station": "Tonbridge",
            "Address": "Kingstanding Way, Tunbridge Wells, , TN2 3UP",
            "Website": "http://www.theultimatetributefest.co.uk/",
            "Capacity": "5000",
            "Type of venue": "Outdoors",
            "Clientele": "Families",
            "Drinks served": "Onsite Catering",
            "Disabled facilities": "Yes",
            "Nearest Bus Stop": "500 meters"
        }
    },
    {
        "Fest name": "Solfest festival",
        "Fest date": "Friday 27th - Saturday 28th August 2021",
        "Contacts data": {
            "Name": "North Lakes Country Park",
            "Address": "Tarnside, Silloth, Cumbria, CA7 4NQ",
            "Phone": "",
            "Venue short url": "https://www.skiddle.com/venues/94950/",
            "Type of venue": "Outdoors"
        }
    },
    {
        "Fest name": "Reading Festival",
        "Fest date": "Thursday 26th - Sunday 29th August 2021",
        "Contacts data": {
            "Name": "Richfield Avenue Festival Site",
            "Address": "Richfield Avenue, Reading, RG1 8EQ",
            "Phone": "020 8963 0940",
            "Venue short url": "https://www.skiddle.com/venues/785/",
            "Type of venue": "Outdoors"
        }
    },
    {
        "Fest name": "South East Dance Festival",
        "Fest date": "Saturday 28th August 2021",
        "Contacts data": {
            "Name": "Garon Park",
            "Phone": "07968 779950",
            "Venue short url": "https://www.skiddle.com/venues/44340/",
            "Music Policy": "All kinds",
            "Ambiance": "Yes",
            "Clientele": "All ages",
            "Drinks served": "Yes",
            "Disabled facilities": "Yes",
            "Nearest Bus Stop": "Cluny square",
            "Address": "Eastern Avenue, Southend-on-Sea, SS2 4FA, Southend-On-Sea, SS2 4FA",
            "Website": "https://www.facebook.com/intheparkconcerts/?ref=settings",
            "Capacity": "10,000",
            "Type of venue": "Outdoors",
            "Dress code": "none",
            "Opening hours": "11am till 11.30pm",
            "Food served": "Yes",
            "Parking": "2 large free car parks",
            "Nearest Train Station": "Prittlewell"
        }
    },
    {
        "Fest name": "Maiden Voyage Festival",
        "Fest date": "Sunday 29th August 2021",
        "Contacts data": {
            "Name": "TBA LONDON",
            "Address": "London, London, SW6 1UD",
            "Phone": "",
            "Venue short url": "https://www.skiddle.com/venues/74496/",
            "Type of venue": "Outdoors"
        }
    },
    {
        "Fest name": "Hide&Seek Festival",
        "Fest date": "Saturday 4th September 2021",
        "Contacts data": {
            "Name": "Capesthorne Hall",
            "Address": "Congleton Road, Siddington, Macclesfield, Macclesfield, SK11 9JY",
            "Phone": "",
            "Venue short url": "https://www.skiddle.com/venues/69767/",
            "Type of venue": "Other"
        }
    },
    {
        "Fest name": "Manchester Psych Fest festival",
        "Fest date": "Saturday 4th September 2021",
        "Contacts data": {
            "Name": "Various Venues Around Manchester",
            "Address": "Various Venues in Manchester, Manchester, M1 5QR",
            "Phone": "",
            "Venue short url": "https://www.skiddle.com/venues/36094/",
            "Type of venue": "Live"
        }
    },
    {
        "Fest name": "The Gathering festival",
        "Fest date": "Saturday 4th September 2021",
        "Contacts data": {
            "Name": "Inverness Northern Meeting Park",
            "Phone": "",
            "Capacity": "15,000",
            "Address": "Northern Meeting Park, Inverness, IV3 5NN",
            "Venue short url": "https://www.skiddle.com/venues/75583/",
            "Type of venue": "Outdoors"
        }
    },
    {
        "Fest name": "Onboard the Craft festival",
        "Fest date": "Thursday 9th - Saturday 11th September 2021",
        "Contacts data": {
            "Name": "Stoke Prior Sports  And  Country Club",
            "Phone": "01527 577876",
            "Capacity": "500",
            "Type of venue": "Live",
            "Drinks served": "Full range of drinks and good ales at cheap prices",
            "Disabled facilities": "yes",
            "Nearest Bus Stop": "2 min walk",
            "Address": "Weston Hall Road, Bromsgrove , B60 4AL",
            "Venue short url": "https://www.skiddle.com/venues/17511/",
            "Music Policy": "Licensed for live music",
            "Dress code": "No dress code",
            "Food served": "catering available for all tastes",
            "Parking": "Large car park on site",
            "Nearest Train Station": "Redditch 3 miles - Bromsgrove 5 Miles"
        }
    },
    {
        "Fest name": "Into the Trees festival",
        "Fest date": "Friday 10th - Sunday 12th September 2021",
        "Contacts data": {
            "Name": "Pippingford Park",
            "Phone": "01825 712966",
            "Capacity": "6000",
            "Address": "Pippingford Park Manor, Millbrook Hill, Nutley, Uckfield, TN22, Nutley, TN22 3HW",
            "Venue short url": "https://www.skiddle.com/venues/67989/",
            "Type of venue": "Outdoors"
        }
    },
    {
        "Fest name": "Fife Fest festival",
        "Fest date": "Saturday 11th - Sunday 12th September 2021",
        "Contacts data": {
            "Name": "Silverburn Park",
            "Phone": "01333 278775",
            "Capacity": "300+",
            "Address": "No 3 Cottage, Silverburn Park,  Largo Road, Leven, KY8 4PU",
            "Venue short url": "https://www.skiddle.com/venues/70630/",
            "Type of venue": "Outdoors"
        }
    },
    {
        "Fest name": "Confessional Festival",
        "Fest date": "Saturday 11th September 2021",
        "Contacts data": {
            "Name": "Holy Trinity Church",
            "Phone": "08453032760",
            "Capacity": "500",
            "Nearest Bus Stop": "Blackburn Boulevard",
            "Address": "Mount Pleasant, Blackburn, BB1 5DQ",
            "Venue short url": "https://www.skiddle.com/venues/72934/",
            "Type of venue": "Other",
            "Nearest Train Station": "Blackburn"
        }
    },
    {
        "Fest name": "Reminisce Festival",
        "Fest date": "Saturday 11th September 2021",
        "Contacts data": {
            "Name": "Sherdley Park",
            "Phone": "",
            "Capacity": "10,000",
            "Disabled facilities": "Yes",
            "Address": "Marshalls Cross Road, St Helens, WA9 5DE",
            "Venue short url": "https://www.skiddle.com/venues/55600/",
            "Type of venue": "Outdoors",
            "Nearest Train Station": "Lea Green Train Station"
        }
    },
    {
        "Fest name": "Equinox Festival",
        "Fest date": "Friday 17th - Monday 20th September 2021",
        "Contacts data": {
            "Name": "Chalk Farm",
            "Phone": "",
            "Capacity": "4999",
            "Address": "Salters Lane, Wyham, Louth, Lincolnshire, DN36 5RS",
            "Venue short url": "https://www.skiddle.com/venues/78882/",
            "Type of venue": "Outdoors"
        }
    },
    {
        "Fest name": "Sunbourne Festival x AWOL In The Park",
        "Fest date": "Saturday 18th September 2021",
        "Contacts data": {
            "Name": "Venue TBA",
            "Address": "257 Manford Way, Chigwell, IG7 4AA",
            "Phone": "",
            "Venue short url": "https://www.skiddle.com/venues/103078/",
            "Type of venue": "Outdoors"
        }
    },
    {
        "Fest name": "Hospitality Weekend In The Woods festival",
        "Fest date": "Saturday 18th - Sunday 19th September 2021",
        "Contacts data": {
            "Name": "Beckenham Place Park",
            "Address": "Flat 1, 16-18 High Street, Beckenham, BR3 1AY",
            "Phone": "",
            "Venue short url": "https://www.skiddle.com/venues/96357/",
            "Type of venue": "Nightclub"
        }
    },
    {
        "Fest name": "Connected Festival",
        "Fest date": "Saturday 18th - Sunday 19th September 2021",
        "Contacts data": {
            "Name": "Lydd Airport",
            "Phone": "07784380461",
            "Venue short url": "https://www.skiddle.com/venues/96513/",
            "Music Policy": "Drum & Bass, Garage, Jungle, House, Club Classics, Anthems, Old School, Kisstory, R&B, Hip-Hop",
            "Dress code": "Festival",
            "Opening hours": "10",
            "Food served": "Yes",
            "Parking": "Paid Parking",
            "Nearest Train Station": "Ashford",
            "Address": "Lydd Airport Lydd, Romney Marsh, TN29 9QL, Romney Marsh, TN29 9QL",
            "Website": "http://connectedfestival.com",
            "Capacity": "9999",
            "Type of venue": "Outdoors",
            "Clientele": "18-55",
            "Drinks served": "Yes",
            "Disabled facilities": "Yes",
            "Nearest Bus Stop": "On Site Bus and Coach Provision"
        }
    },
    {
        "Fest name": "Mint Festival",
        "Fest date": "Saturday 25th September 2021",
        "Contacts data": {
            "Name": "Location TBA",
            "Address": "TBC, Leeds, LS11 9UD",
            "Phone": "",
            "Venue short url": "https://www.skiddle.com/venues/100916/",
            "Type of venue": "Outdoors"
        }
    },
    {
        "Fest name": "Boundary Brighton festival",
        "Fest date": "Saturday 25th September 2021",
        "Contacts data": {
            "Name": "Stanmer Park",
            "Phone": "01273 292229",
            "Venue short url": "https://www.skiddle.com/venues/61190/",
            "Address": "Lewes Road, Brighton, Brighton, BN1 9SE",
            "Website": "http://www.brighton-hove.gov.uk/",
            "Type of venue": "other"
        }
    },
    {
        "Fest name": "Cornwall Rocks festival",
        "Fest date": "Friday 15th - Sunday 17th October 2021",
        "Contacts data": {
            "Name": "Tencreek Holiday Park",
            "Phone": "01503 262 447",
            "Venue short url": "https://www.skiddle.com/venues/96432/",
            "Drinks served": "Yes",
            "Parking": "Large free car park",
            "Address": "Polperro Road, Looe, PL13 2JR",
            "Website": "https://www.dolphinholidays.co.uk/cornwall-caravan-holiday-park/",
            "Type of venue": "Other",
            "Food served": "Yes"
        }
    }
]